Time,UA数量,LA数量
2023-03-01,0
2023-03-01,25
2023-03-02,18
2023-03-02,51
2023-03-03,0
2023-03-03,10
2023-03-04,0
2023-03-04,35
2023-03-05,8
2023-03-05,6
2023-03-06,7
2023-03-06,6
2023-03-07,6
2023-03-07,15
2023-03-08,7
2023-03-08,6
2023-03-09,6
2023-03-09,6
2023-03-10,0
2023-03-10,41
2023-03-11,11
2023-03-11,6
2023-03-12,6
2023-03-12,59
2023-03-13,49
2023-03-13,192
2023-03-14,102
2023-03-15,666
2023-03-15,347
2023-03-16,351
2023-03-16,215
2023-03-17,339
2023-03-17,101
2023-03-18,174
2023-03-18,195
2023-03-19,291
2023-03-19,149
