guid,EMT,PoorNum,TotalNum,Status,ErrorCode,EventTime,ModuleCode,ClientPcName,Mac,IP
7e80ad9e-a540-4dc6-919a-538a0256ee37,T20230110A001,0,0,1,12010002,2023-03-06 14:05:21.809,,DESKTOP-26RNAH5,00-15-17-D4-43-5F,10.129.96.56
46d0cc5e-cd59-4664-b704-dc19c592dad2,T20230110A001,0,0,2,,2023-03-06 14:05:22.163,,DESKTOP-26RNAH5,00-15-17-D4-43-5F,10.129.96.56
c8a3e696-d7cf-4633-9100-7147016d6f91,T20230110A001,0,0,3,50010004,2023-03-06 14:05:22.515,850,DESKTOP-26RNAH5,00-15-17-D4-43-5F,10.129.96.56
f261ba45-72c0-48b5-8af8-0e36e2b099df,T20230110A001,0,0,3,50010005,2023-03-06 14:05:22.867,850,DESKTOP-26RNAH5,00-15-17-D4-43-5F,10.129.96.56
319f45ce-8b99-44df-a426-572794e1f139,T20230110A001,0,0,3,50010006,2023-03-06 14:05:23.219,850,DESKTOP-26RNAH5,00-15-17-D4-43-5F,10.129.96.56
619d7f50-d080-48da-8601-14000fc93ebd,T20230110A001,0,0,3,50010007,2023-03-06 14:05:23.571,850,DESKTOP-26RNAH5,00-15-17-D4-43-5F,10.129.96.56
ce5c5707-8130-475e-83ec-db924c559777,T20230110A001,0,0,3,50010008,2023-03-06 14:05:23.923,850,DESKTOP-26RNAH5,00-15-17-D4-43-5F,10.129.96.56
870d66f5-2e55-4b30-9be4-b1905e643403,T20230110A001,0,0,3,50010009,2023-03-06 14:05:24.275,850,DESKTOP-26RNAH5,00-15-17-D4-43-5F,10.129.96.56
969ed436-8014-4e69-a038-2d752f14c8d4,T20230110A001,0,0,3,50010010,2023-03-06 14:05:24.627,850,DESKTOP-26RNAH5,00-15-17-D4-43-5F,10.129.96.56
bb7cafa6-a5bf-44ed-8916-ebd69eb3b9ec,T20230110A001,0,0,3,50010011,2023-03-06 14:05:24.979,850,DESKTOP-26RNAH5,00-15-17-D4-43-5F,10.129.96.56
05ef56b0-7f0d-4cba-99f0-0c7773258cdc,T20230110A001,0,0,3,50010012,2023-03-06 14:05:25.331,850,DESKTOP-26RNAH5,00-15-17-D4-43-5F,10.129.96.56
4a56f4ba-9d7a-4d19-912e-de6371ff3a18,T20230110A001,0,0,3,50010013,2023-03-06 14:05:25.683,850,DESKTOP-26RNAH5,00-15-17-D4-43-5F,10.129.96.56
d133fafd-6a77-4983-8295-4331180502b5,T20230110A001,0,0,3,50010014,2023-03-06 14:05:26.035,850,DESKTOP-26RNAH5,00-15-17-D4-43-5F,10.129.96.56
732448c8-56a0-4c98-8d30-bb35886df055,T20230110A001,0,0,3,50010015,2023-03-06 14:05:26.387,850,DESKTOP-26RNAH5,00-15-17-D4-43-5F,10.129.96.56
bdc54281-c0fe-4c85-9fda-73e980cd30ab,T20230110A001,0,0,3,50010016,2023-03-06 14:05:26.739,850,DESKTOP-26RNAH5,00-15-17-D4-43-5F,10.129.96.56
3b55155a-f2a8-4a1b-b385-7c9d5c8cdd1a,T20230110A001,0,0,3,50010017,2023-03-06 14:05:27.091,850,DESKTOP-26RNAH5,00-15-17-D4-43-5F,10.129.96.56
8fe449ee-638f-4de4-9cde-92f2f8b111ac,T20230110A001,0,0,3,50010018,2023-03-06 14:05:27.443,850,DESKTOP-26RNAH5,00-15-17-D4-43-5F,10.129.96.56
f0eee0ae-a8dd-4e13-8d24-0c42bfa7c5fa,T20230110A001,0,0,3,50010019,2023-03-06 14:05:27.795,850,DESKTOP-26RNAH5,00-15-17-D4-43-5F,10.129.96.56
bb9478ba-e414-4454-bacf-44c36c5201ec,T20230110A001,0,0,3,50010020,2023-03-06 14:05:28.147,850,DESKTOP-26RNAH5,00-15-17-D4-43-5F,10.129.96.56
131ba79f-a63f-4bb3-8632-2d63b47c9035,T20230110A001,0,0,3,50010021,2023-03-06 14:05:28.499,850,DESKTOP-26RNAH5,00-15-17-D4-43-5F,10.129.96.56
ddffaa2c-f116-490a-8cf6-a275ce191558,T20230110A001,0,0,3,50010022,2023-03-06 14:05:28.851,850,DESKTOP-26RNAH5,00-15-17-D4-43-5F,10.129.96.56
b3aecd81-2d00-42bc-b682-b54162fef0c2,T20230110A001,0,0,3,50010023,2023-03-06 14:05:29.203,850,DESKTOP-26RNAH5,00-15-17-D4-43-5F,10.129.96.56
91ca3940-b04c-417d-895d-64a78f552b54,T20230110A001,0,0,3,50010024,2023-03-06 14:05:29.555,850,DESKTOP-26RNAH5,00-15-17-D4-43-5F,10.129.96.56
9e7315ab-7e63-4192-bbf4-2f96fdf1af6b,T20230110A001,0,0,3,50010025,2023-03-06 14:05:29.906,851,DESKTOP-26RNAH5,00-15-17-D4-43-5F,10.129.96.56
84f161db-1fb1-48f7-a164-cecd76813a42,T20230110A001,0,0,3,50010026,2023-03-06 14:05:30.258,851,DESKTOP-26RNAH5,00-15-17-D4-43-5F,10.129.96.56
5a66fc07-eb6f-40f5-ae6a-13447f39e3b1,T20230110A001,0,0,3,50010027,2023-03-06 14:05:30.610,851,DESKTOP-26RNAH5,00-15-17-D4-43-5F,10.129.96.56
c55bb1ba-6717-43bf-b9c8-64dc4e9cc8df,T20230110A001,0,0,3,50010028,2023-03-06 14:05:30.962,851,DESKTOP-26RNAH5,00-15-17-D4-43-5F,10.129.96.56
d14fcad5-dc79-4d78-a501-7c232073eeed,T20230110A001,0,0,3,50010029,2023-03-06 14:05:31.314,851,DESKTOP-26RNAH5,00-15-17-D4-43-5F,10.129.96.56
59ea3ea0-c58c-458c-964e-7d14b099ee7d,T20230110A001,0,0,3,50010030,2023-03-06 14:05:31.666,851,DESKTOP-26RNAH5,00-15-17-D4-43-5F,10.129.96.56
74ff8354-813e-4782-8906-25585b1e1212,T20230110A001,0,0,3,50010031,2023-03-06 14:05:32.018,851,DESKTOP-26RNAH5,00-15-17-D4-43-5F,10.129.96.56
7b6087ad-3caf-4d8a-8139-579d42de8c10,T20230110A001,0,0,3,50010032,2023-03-06 14:05:32.370,851,DESKTOP-26RNAH5,00-15-17-D4-43-5F,10.129.96.56
ba4d7386-7c94-4f03-8580-401baac91dcd,T20230110A001,0,0,3,50010033,2023-03-06 14:05:32.722,851,DESKTOP-26RNAH5,00-15-17-D4-43-5F,10.129.96.56
c99e1b25-f215-43f2-8a61-15674eb3af93,T20230110A001,0,0,3,50010034,2023-03-06 14:05:33.074,851,DESKTOP-26RNAH5,00-15-17-D4-43-5F,10.129.96.56
86c06a54-bf54-458a-9f7e-83e9f9d477c8,T20230110A001,0,0,3,50010035,2023-03-06 14:05:33.426,851,DESKTOP-26RNAH5,00-15-17-D4-43-5F,10.129.96.56
6e813641-d7f2-4550-8561-7a51d047da4d,T20230110A001,0,0,3,50010036,2023-03-06 14:05:33.778,851,DESKTOP-26RNAH5,00-15-17-D4-43-5F,10.129.96.56
e582e416-7053-4650-bbfe-800e015c3ced,T20230110A001,0,0,3,50010037,2023-03-06 14:05:34.130,852,DESKTOP-26RNAH5,00-15-17-D4-43-5F,10.129.96.56
826192f6-aeec-4607-bb0f-31d1e7f74370,T20230110A001,0,0,3,50010038,2023-03-06 14:05:34.482,852,DESKTOP-26RNAH5,00-15-17-D4-43-5F,10.129.96.56
ec882264-6187-42c0-bf45-7d93977ae229,T20230110A001,0,0,3,50010039,2023-03-06 14:05:34.834,852,DESKTOP-26RNAH5,00-15-17-D4-43-5F,10.129.96.56
35f588fd-8112-464b-87fc-ef6fd3dabd2c,T20230110A001,0,0,3,50010040,2023-03-06 14:05:35.186,852,DESKTOP-26RNAH5,00-15-17-D4-43-5F,10.129.96.56
d0954300-312f-4807-a864-f0f02d0b707e,T20230110A001,0,0,3,50010041,2023-03-06 14:05:35.538,852,DESKTOP-26RNAH5,00-15-17-D4-43-5F,10.129.96.56
89fe5393-bb5e-4980-bd2f-2bf9e3cb8f12,T20230110A001,0,0,3,50010042,2023-03-06 14:05:35.890,852,DESKTOP-26RNAH5,00-15-17-D4-43-5F,10.129.96.56
57c1901d-7761-49da-94cc-d248dec30848,T20230110A001,0,0,3,50010043,2023-03-06 14:05:36.242,852,DESKTOP-26RNAH5,00-15-17-D4-43-5F,10.129.96.56
76bf674c-3880-4f1f-bc16-d0b80252ee4f,T20230110A001,0,0,3,50010044,2023-03-06 14:05:36.594,852,DESKTOP-26RNAH5,00-15-17-D4-43-5F,10.129.96.56
bc3f18ff-e5a4-410b-ba59-26a53406ed86,T20230110A001,0,0,3,50010045,2023-03-06 14:05:36.946,852,DESKTOP-26RNAH5,00-15-17-D4-43-5F,10.129.96.56
a401dc4a-233c-4392-af3c-aa7ca988e959,T20230110A001,0,0,3,50010046,2023-03-06 14:05:37.298,852,DESKTOP-26RNAH5,00-15-17-D4-43-5F,10.129.96.56
edef8cde-6bfc-4dc3-8d1c-3d7f64d6f695,T20230110A001,0,0,3,50010047,2023-03-06 14:05:37.650,852,DESKTOP-26RNAH5,00-15-17-D4-43-5F,10.129.96.56
453d7353-aa93-4acc-a629-10c56cfdb239,T20230110A001,0,0,3,50010048,2023-03-06 14:05:38.002,852,DESKTOP-26RNAH5,00-15-17-D4-43-5F,10.129.96.56
b2a2a9b5-3151-4ef7-8f97-c98c87c8e720,T20230110A001,0,0,3,50010049,2023-03-06 14:05:38.353,852,DESKTOP-26RNAH5,00-15-17-D4-43-5F,10.129.96.56
8bb32d62-2e4e-41f3-b03d-16d4c8dd5e9c,T20230110A001,0,0,3,50010050,2023-03-06 14:05:38.706,852,DESKTOP-26RNAH5,00-15-17-D4-43-5F,10.129.96.56
c1a702d4-32f3-4e45-8c14-94256684d4aa,T20230110A001,0,0,3,50010051,2023-03-06 14:05:39.058,852,DESKTOP-26RNAH5,00-15-17-D4-43-5F,10.129.96.56
593b99d2-23c1-4ac7-8ea3-353887aae31e,T20230110A001,0,0,3,50010052,2023-03-06 14:05:39.410,852,DESKTOP-26RNAH5,00-15-17-D4-43-5F,10.129.96.56
4d499606-0183-41ab-9f99-4c6feaefa9f5,T20230110A001,0,0,3,50010053,2023-03-06 14:05:39.762,850,DESKTOP-26RNAH5,00-15-17-D4-43-5F,10.129.96.56
23a21eee-c3f2-4031-86f9-259f873daa5d,T20230110A001,0,0,3,50010054,2023-03-06 14:05:40.114,850,DESKTOP-26RNAH5,00-15-17-D4-43-5F,10.129.96.56
dab13555-27bb-4634-a0ea-9d3a695ada64,T20230110A001,0,0,3,50010055,2023-03-06 14:05:40.466,850,DESKTOP-26RNAH5,00-15-17-D4-43-5F,10.129.96.56
6529e198-2861-4f39-a1a6-519596210639,T20230110A001,0,0,3,50010056,2023-03-06 14:05:40.818,850,DESKTOP-26RNAH5,00-15-17-D4-43-5F,10.129.96.56
0d897022-a27a-404b-a088-5eb6dfaf9fe9,T20230110A001,0,0,3,50010057,2023-03-06 14:05:41.170,852,DESKTOP-26RNAH5,00-15-17-D4-43-5F,10.129.96.56
dbf99006-ad18-4aa1-a043-b6288cc1f71e,T20230110A001,0,0,3,50010058,2023-03-06 14:05:41.522,852,DESKTOP-26RNAH5,00-15-17-D4-43-5F,10.129.96.56
58be365d-bcd3-42cb-9ed8-317311fa31fe,T20230110A001,0,0,3,50010059,2023-03-06 14:05:41.874,852,DESKTOP-26RNAH5,00-15-17-D4-43-5F,10.129.96.56
b2384d74-7500-4072-a896-3e327734fd8b,T20230110A001,0,0,3,50010060,2023-03-06 14:05:42.226,853,DESKTOP-26RNAH5,00-15-17-D4-43-5F,10.129.96.56
b21b47b8-169b-4b35-8dfa-24ffdf640968,T20230110A001,0,0,3,50010061,2023-03-06 14:05:42.578,853,DESKTOP-26RNAH5,00-15-17-D4-43-5F,10.129.96.56
2f6a57f8-24ca-4368-b0c4-97536d0fcdfa,T20230110A001,0,0,3,50010062,2023-03-06 14:05:42.931,854,DESKTOP-26RNAH5,00-15-17-D4-43-5F,10.129.96.56
bb72efff-80ea-4f2c-9fca-8cf14792d11d,T20230110A001,0,0,3,50010063,2023-03-06 14:05:43.283,854,DESKTOP-26RNAH5,00-15-17-D4-43-5F,10.129.96.56
167d9cba-0e38-44f5-b842-81608df031a9,T20230110A001,0,0,3,50010064,2023-03-06 14:05:43.638,854,DESKTOP-26RNAH5,00-15-17-D4-43-5F,10.129.96.56
a19c9f2d-c79f-4a95-b1d8-d895cc005d8b,T20230110A001,0,0,3,50010065,2023-03-06 14:05:43.989,851,DESKTOP-26RNAH5,00-15-17-D4-43-5F,10.129.96.56
98343dbf-b115-4a9b-bfb4-d90866aa4e7e,T20230110A001,0,0,3,50010066,2023-03-06 14:05:44.341,853,DESKTOP-26RNAH5,00-15-17-D4-43-5F,10.129.96.56
c91edc10-fee9-4ec0-8302-802df3986601,T20230110A001,0,0,3,50010067,2023-03-06 14:05:44.693,854,DESKTOP-26RNAH5,00-15-17-D4-43-5F,10.129.96.56
7c904e73-126d-47d6-9225-270c84a3612e,T20230110A001,0,0,3,50010068,2023-03-06 14:05:45.045,850,DESKTOP-26RNAH5,00-15-17-D4-43-5F,10.129.96.56
b1c66289-03d7-4eb1-bbc1-5b7e1e77cec4,T20230110A001,0,0,3,50010069,2023-03-06 14:05:45.397,850,DESKTOP-26RNAH5,00-15-17-D4-43-5F,10.129.96.56
74c28cb6-3f88-496c-9f41-dc792f21bd7c,T20230110A001,0,0,3,50010070,2023-03-06 14:05:45.749,850,DESKTOP-26RNAH5,00-15-17-D4-43-5F,10.129.96.56
c73104d0-0ed4-4c08-9af6-dadc7ee273c4,T20230110A001,0,0,3,50010071,2023-03-06 14:05:46.101,850,DESKTOP-26RNAH5,00-15-17-D4-43-5F,10.129.96.56
be6b319b-b444-4215-b3be-356ca21307e0,T20230110A001,0,0,3,50010072,2023-03-06 14:05:46.453,851,DESKTOP-26RNAH5,00-15-17-D4-43-5F,10.129.96.56
a0276923-93b2-4b62-b206-4da68fb5eb31,T20230110A001,0,0,3,50010073,2023-03-06 14:05:46.805,851,DESKTOP-26RNAH5,00-15-17-D4-43-5F,10.129.96.56
abd9aa82-6a77-48cc-a303-7882df275f77,T20230110A001,0,0,3,50010074,2023-03-06 14:05:47.157,851,DESKTOP-26RNAH5,00-15-17-D4-43-5F,10.129.96.56
9762116d-5f4d-41dd-89c1-a7f9aa267f19,T20230110A001,0,0,3,50010075,2023-03-06 14:05:47.509,851,DESKTOP-26RNAH5,00-15-17-D4-43-5F,10.129.96.56
aee77a29-61bd-4f1c-9bdd-c22fb95fd656,T20230110A001,0,0,3,50010076,2023-03-06 14:05:47.861,851,DESKTOP-26RNAH5,00-15-17-D4-43-5F,10.129.96.56
3836d106-a156-4dd4-94e9-7ac76e32ad1a,T20230110A001,0,0,3,50010077,2023-03-06 14:05:48.213,851,DESKTOP-26RNAH5,00-15-17-D4-43-5F,10.129.96.56
dc6e83f1-0892-4a74-bde6-0c280bd39ad2,T20230110A001,0,0,3,50010078,2023-03-06 14:05:48.565,852,DESKTOP-26RNAH5,00-15-17-D4-43-5F,10.129.96.56
5ea426ae-346e-4ef0-8244-46f0d0aed741,T20230110A001,0,0,3,50010079,2023-03-06 14:05:48.917,852,DESKTOP-26RNAH5,00-15-17-D4-43-5F,10.129.96.56
40e4c622-f249-4d53-a94b-82d731ee65d3,T20230110A001,0,0,3,50010080,2023-03-06 14:05:49.269,852,DESKTOP-26RNAH5,00-15-17-D4-43-5F,10.129.96.56
1de46fbc-7558-4c19-91e7-56293fa9cacf,T20230110A001,0,0,3,50010081,2023-03-06 14:05:49.622,852,DESKTOP-26RNAH5,00-15-17-D4-43-5F,10.129.96.56
191064bb-09f0-4db4-984e-99c0cd05a3df,T20230110A001,0,0,3,50010082,2023-03-06 14:05:49.973,851,DESKTOP-26RNAH5,00-15-17-D4-43-5F,10.129.96.56
b8a6150c-5d11-42ea-b1b6-97884968e732,T20230110A001,0,0,3,50010083,2023-03-06 14:05:50.326,851,DESKTOP-26RNAH5,00-15-17-D4-43-5F,10.129.96.56
78fa9523-0e3d-4377-bda5-81fb2ccba198,T20230110A001,0,0,3,50010084,2023-03-06 14:05:50.678,852,DESKTOP-26RNAH5,00-15-17-D4-43-5F,10.129.96.56
1de3b4ba-ba44-4520-b461-ef4a058272b7,T20230110A001,0,0,3,50010085,2023-03-06 14:05:51.029,852,DESKTOP-26RNAH5,00-15-17-D4-43-5F,10.129.96.56
cf24281b-1454-4266-a8a8-2ed90d086d90,T20230110A001,0,0,3,50010086,2023-03-06 14:05:51.381,852,DESKTOP-26RNAH5,00-15-17-D4-43-5F,10.129.96.56
62dd18be-4fd1-4f7f-8835-f222a0c82359,T20230110A001,0,0,3,50010087,2023-03-06 14:05:51.733,852,DESKTOP-26RNAH5,00-15-17-D4-43-5F,10.129.96.56
78551705-f694-49e7-aadd-e637a06b13aa,T20230110A001,0,0,3,50010088,2023-03-06 14:05:52.085,852,DESKTOP-26RNAH5,00-15-17-D4-43-5F,10.129.96.56
7dbc547a-e911-45f9-b3ca-9b29a9796584,T20230110A001,0,0,3,50010089,2023-03-06 14:05:52.437,852,DESKTOP-26RNAH5,00-15-17-D4-43-5F,10.129.96.56
6e36039c-0514-478a-a229-09ed17003a8e,T20230110A001,0,0,3,50010090,2023-03-06 14:05:52.789,852,DESKTOP-26RNAH5,00-15-17-D4-43-5F,10.129.96.56
51e1d21d-ead0-4475-8917-e8d2f83cc49f,T20230110A001,0,0,3,50010091,2023-03-06 14:05:53.141,852,DESKTOP-26RNAH5,00-15-17-D4-43-5F,10.129.96.56
f0df7545-a0cf-46a9-aed1-270e5a4d676f,T20230110A001,0,0,3,50010092,2023-03-06 14:05:53.493,851,DESKTOP-26RNAH5,00-15-17-D4-43-5F,10.129.96.56
9033633d-afd8-4f33-91e6-be2cc3370096,T20230110A001,0,0,3,50010093,2023-03-06 14:05:53.845,851,DESKTOP-26RNAH5,00-15-17-D4-43-5F,10.129.96.56
c0919071-a78c-4a1a-8b98-b1789d4d9aa2,T20230110A001,0,0,3,50010094,2023-03-06 14:05:54.197,852,DESKTOP-26RNAH5,00-15-17-D4-43-5F,10.129.96.56
7c6ddf81-44e0-4392-b8f6-dc1bb5a89e6f,T20230110A001,0,0,3,50010095,2023-03-06 14:05:54.549,852,DESKTOP-26RNAH5,00-15-17-D4-43-5F,10.129.96.56
f2c68d62-a407-43f6-a799-a45f6ffe8493,T20230110A001,0,0,3,60030001,2023-03-06 14:05:54.901,850,DESKTOP-26RNAH5,00-15-17-D4-43-5F,10.129.96.56
1d845d0c-388b-48b2-a08f-aa8b4984701c,T20230110A001,0,0,3,60030002,2023-03-06 14:05:55.253,850,DESKTOP-26RNAH5,00-15-17-D4-43-5F,10.129.96.56
ab808e71-27d6-471e-b218-61db732b2798,T20230110A001,0,0,3,60030003,2023-03-06 14:05:55.605,851,DESKTOP-26RNAH5,00-15-17-D4-43-5F,10.129.96.56
99b66664-837c-4979-acf6-86036d9542dc,T20230110A001,0,0,3,60030004,2023-03-06 14:05:55.958,852,DESKTOP-26RNAH5,00-15-17-D4-43-5F,10.129.96.56
7155cddf-4a56-4a49-a05b-e5e7a11bf75c,T20230110A001,0,0,3,60030005,2023-03-06 14:05:56.310,852,DESKTOP-26RNAH5,00-15-17-D4-43-5F,10.129.96.56
30116dcc-5478-48f5-9600-6385363a82db,T20230110A001,0,0,3,60030006,2023-03-06 14:05:56.662,852,DESKTOP-26RNAH5,00-15-17-D4-43-5F,10.129.96.56
536f9b4c-6c88-4eb5-ae3a-47a55c346945,T20230110A001,0,0,3,60030007,2023-03-06 14:05:57.014,852,DESKTOP-26RNAH5,00-15-17-D4-43-5F,10.129.96.56
4324c6b5-ed98-45d4-b267-78dc9d470656,T20230110A001,0,0,3,60030008,2023-03-06 14:05:57.366,852,DESKTOP-26RNAH5,00-15-17-D4-43-5F,10.129.96.56
7dba8f90-2b3c-4a65-9e00-14defe57486f,T20230110A001,0,0,3,60030009,2023-03-06 14:05:57.718,852,DESKTOP-26RNAH5,00-15-17-D4-43-5F,10.129.96.56
9c26847d-4178-4717-aa10-263e724532bb,T20230110A001,0,0,3,60030010,2023-03-06 14:05:58.069,853,DESKTOP-26RNAH5,00-15-17-D4-43-5F,10.129.96.56
e9bc9c04-0222-4eba-be88-9ec0fd8cd556,T20230110A001,0,0,3,60030011,2023-03-06 14:05:58.421,854,DESKTOP-26RNAH5,00-15-17-D4-43-5F,10.129.96.56
74498c6c-fd0f-450a-b90d-0cc8f177d66a,T20230110A001,0,0,3,60030012,2023-03-06 14:05:58.773,850,DESKTOP-26RNAH5,00-15-17-D4-43-5F,10.129.96.56
d98623d3-9167-4fd7-bf6b-cc89f0991db1,T20230110A001,0,0,3,60030013,2023-03-06 14:05:59.125,850,DESKTOP-26RNAH5,00-15-17-D4-43-5F,10.129.96.56
4dc122e5-dcea-4347-8252-c8813dcb2031,T20230110A001,0,0,3,,2023-03-06 14:05:59.477,,DESKTOP-26RNAH5,00-15-17-D4-43-5F,10.129.96.56
eb0cfe69-4d2c-4a76-a839-81776c535c60,T20230110A001,0,0,3,60070002,2023-03-06 14:05:59.829,,DESKTOP-26RNAH5,00-15-17-D4-43-5F,10.129.96.56
cb099292-6fc1-4778-82bb-6660275e9a10,T20230110A001,0,0,3,60070003,2023-03-06 14:06:00.181,,DESKTOP-26RNAH5,00-15-17-D4-43-5F,10.129.96.56
f84a36bc-ec84-43ff-8650-9ca9bd6bf52a,T20230110A001,0,0,3,60070004,2023-03-06 14:06:00.533,,DESKTOP-26RNAH5,00-15-17-D4-43-5F,10.129.96.56
dc14ecb2-8317-4b35-98b7-500591f4f63d,T20230110A001,0,0,3,60070005,2023-03-06 14:06:00.885,,DESKTOP-26RNAH5,00-15-17-D4-43-5F,10.129.96.56
c333343a-33b4-41e3-aa5b-00e25dcba100,T20230110A001,0,0,3,60070006,2023-03-06 14:06:01.237,,DESKTOP-26RNAH5,00-15-17-D4-43-5F,10.129.96.56
e2920e38-8bb3-48dd-9d3b-bcf883d84184,T20230110A001,0,0,3,60070007,2023-03-06 14:06:01.589,,DESKTOP-26RNAH5,00-15-17-D4-43-5F,10.129.96.56
c022cdc3-b5de-419f-984d-d0bd4c1a5639,T20230110A001,0,0,3,60070008,2023-03-06 14:06:01.941,,DESKTOP-26RNAH5,00-15-17-D4-43-5F,10.129.96.56
3c9289a3-1a6e-49cb-8c29-499f906f6754,T20230110A001,0,0,3,60080001,2023-03-06 14:06:02.293,,DESKTOP-26RNAH5,00-15-17-D4-43-5F,10.129.96.56
312c1249-00f9-4bc1-bbd8-dc1f69ac1766,T20230110A001,0,0,3,60080002,2023-03-06 14:06:02.645,,DESKTOP-26RNAH5,00-15-17-D4-43-5F,10.129.96.56
c17bd15d-0753-417f-bf54-11f50e55f509,T20230110A001,0,0,3,60080003,2023-03-06 14:06:02.997,,DESKTOP-26RNAH5,00-15-17-D4-43-5F,10.129.96.56
15fb41f8-39b0-4cd2-ba01-c4948c6f2d53,T20230110A001,0,0,3,60080004,2023-03-06 14:06:03.348,,DESKTOP-26RNAH5,00-15-17-D4-43-5F,10.129.96.56
f5de51ff-2173-4333-a184-acd82cf9f4a4,T20230110A001,0,0,3,60080005,2023-03-06 14:06:03.700,,DESKTOP-26RNAH5,00-15-17-D4-43-5F,10.129.96.56
71bf70ae-8ef9-4e22-9f6e-8d81d69d8602,T20230110A001,0,0,3,60080006,2023-03-06 14:06:04.052,,DESKTOP-26RNAH5,00-15-17-D4-43-5F,10.129.96.56
517d99e4-9034-4adf-97b2-94c87ba4407f,T20230110A001,0,0,3,60080007,2023-03-06 14:06:04.404,,DESKTOP-26RNAH5,00-15-17-D4-43-5F,10.129.96.56
c151778e-b756-4917-b729-32f40b9a2476,T20230110A001,0,0,3,60080008,2023-03-06 14:06:04.756,,DESKTOP-26RNAH5,00-15-17-D4-43-5F,10.129.96.56
6d00b376-ce10-43dc-9f81-2ce82b6ba4e1,T20230110A001,0,0,3,60080009,2023-03-06 14:06:05.108,,DESKTOP-26RNAH5,00-15-17-D4-43-5F,10.129.96.56
2d735fe9-dd57-4505-9459-2391e70deba1,T20230110A001,0,0,3,60080010,2023-03-06 14:06:05.460,852,DESKTOP-26RNAH5,00-15-17-D4-43-5F,10.129.96.56
1ce6a899-387a-4e57-9238-eef9211c6922,T20230110A001,0,0,3,60080011,2023-03-06 14:06:05.812,852,DESKTOP-26RNAH5,00-15-17-D4-43-5F,10.129.96.56
4af57aba-d5e8-4a0a-8a60-572258284aa1,T20230110A001,0,0,3,60080012,2023-03-06 14:06:06.164,852,DESKTOP-26RNAH5,00-15-17-D4-43-5F,10.129.96.56
9959d787-aed9-4bb4-8526-f137d324e8a0,T20230110A001,0,0,3,60080013,2023-03-06 14:06:06.516,852,DESKTOP-26RNAH5,00-15-17-D4-43-5F,10.129.96.56
aa8d0d66-f6e1-47ab-ad41-5a1b8baed94f,T20230110A001,0,0,3,60080014,2023-03-06 14:06:06.868,853,DESKTOP-26RNAH5,00-15-17-D4-43-5F,10.129.96.56
02b5fa62-4ac5-4cf3-805c-a2fb5ae17fec,T20230110A001,0,0,3,60080015,2023-03-06 14:06:07.220,853,DESKTOP-26RNAH5,00-15-17-D4-43-5F,10.129.96.56
1d67d590-0bae-4559-af34-5d35ff287673,T20230110A001,0,0,3,60080016,2023-03-06 14:06:07.572,853,DESKTOP-26RNAH5,00-15-17-D4-43-5F,10.129.96.56
4c67e63a-834a-453c-af4d-086c930df0ed,T20230110A001,0,0,3,60080017,2023-03-06 14:06:07.924,853,DESKTOP-26RNAH5,00-15-17-D4-43-5F,10.129.96.56
5cd75fc3-0ccb-4318-86f9-8c5430425fda,T20230110A001,0,0,3,60080018,2023-03-06 14:06:08.276,854,DESKTOP-26RNAH5,00-15-17-D4-43-5F,10.129.96.56
0c9402b8-71c9-41ad-9f4a-0365330413ee,T20230110A001,0,0,3,60080019,2023-03-06 14:06:08.628,854,DESKTOP-26RNAH5,00-15-17-D4-43-5F,10.129.96.56
36a70cb1-6474-46ed-a849-2dc8c2d0b9a6,T20230110A001,0,0,3,60080020,2023-03-06 14:06:08.980,854,DESKTOP-26RNAH5,00-15-17-D4-43-5F,10.129.96.56
7b053c16-0625-4466-ae28-cb413ee8ec46,T20230110A001,0,0,3,60080021,2023-03-06 14:06:09.331,854,DESKTOP-26RNAH5,00-15-17-D4-43-5F,10.129.96.56
630d348b-a7b4-4d79-8970-837883ab8a74,T20230110A001,0,0,3,60080022,2023-03-06 14:06:09.683,,DESKTOP-26RNAH5,00-15-17-D4-43-5F,10.129.96.56
c8a758b3-aa46-4598-9b8f-d16f15087a20,T20230110A001,0,0,3,60080023,2023-03-06 14:06:10.036,,DESKTOP-26RNAH5,00-15-17-D4-43-5F,10.129.96.56
e08864ab-dad7-4180-9d75-c88da6503fde,T20230110A001,0,0,3,60080024,2023-03-06 14:06:10.388,,DESKTOP-26RNAH5,00-15-17-D4-43-5F,10.129.96.56
fbd7244d-87d4-418d-a82e-6e591ee0b06d,T20230110A001,0,0,3,60080025,2023-03-06 14:06:10.740,,DESKTOP-26RNAH5,00-15-17-D4-43-5F,10.129.96.56
81974cc1-a873-422b-9f0a-8fabefd9d01f,T20230110A001,0,0,3,60080026,2023-03-06 14:06:11.092,,DESKTOP-26RNAH5,00-15-17-D4-43-5F,10.129.96.56
544a3a57-9f12-478f-919f-0017088c4792,T20230110A001,0,0,3,60080027,2023-03-06 14:06:11.444,853,DESKTOP-26RNAH5,00-15-17-D4-43-5F,10.129.96.56
b52aa6aa-1717-4609-bdfd-664bf70ad155,T20230110A001,0,0,3,60080028,2023-03-06 14:06:11.796,854,DESKTOP-26RNAH5,00-15-17-D4-43-5F,10.129.96.56
6b9879d5-95b5-42c4-b4d8-dcdeff3c032c,T20230110A001,0,0,3,60080029,2023-03-06 14:06:12.148,852,DESKTOP-26RNAH5,00-15-17-D4-43-5F,10.129.96.56
018e1940-f949-4dbc-9c2c-068647bcedc7,T20230110A001,0,0,3,60080030,2023-03-06 14:06:12.500,852,DESKTOP-26RNAH5,00-15-17-D4-43-5F,10.129.96.56
70ae29ac-25cb-42a1-bbf1-31fb7e604afb,T20230110A001,0,0,3,60080031,2023-03-06 14:06:12.852,852,DESKTOP-26RNAH5,00-15-17-D4-43-5F,10.129.96.56
4d860c02-c947-4cc2-8f0a-c5a06e6f34dd,T20230110A001,0,0,3,60080032,2023-03-06 14:06:13.204,852,DESKTOP-26RNAH5,00-15-17-D4-43-5F,10.129.96.56
668f60f2-a55e-4615-8258-8c898021e6a3,T20230110A001,0,0,3,60080033,2023-03-06 14:06:13.556,852,DESKTOP-26RNAH5,00-15-17-D4-43-5F,10.129.96.56
159997a8-4505-47df-b072-d58806efeef8,T20230110A001,0,0,3,60080034,2023-03-06 14:06:13.908,,DESKTOP-26RNAH5,00-15-17-D4-43-5F,10.129.96.56
6a9b952a-3158-434b-910b-76d36acace6a,T20230110A001,0,0,3,60080035,2023-03-06 14:06:14.260,,DESKTOP-26RNAH5,00-15-17-D4-43-5F,10.129.96.56
7aee6b37-b329-4459-af97-a8e104f9b955,T20230110A001,0,0,3,60080036,2023-03-06 14:06:14.612,,DESKTOP-26RNAH5,00-15-17-D4-43-5F,10.129.96.56
a60ab07a-831c-4ccf-9bc9-92edddac604e,T20230110A001,0,0,3,60080037,2023-03-06 14:06:14.963,853,DESKTOP-26RNAH5,00-15-17-D4-43-5F,10.129.96.56
8d47f929-79ac-433f-ac71-de8dc467e53e,T20230110A001,0,0,3,60080038,2023-03-06 14:06:15.315,854,DESKTOP-26RNAH5,00-15-17-D4-43-5F,10.129.96.56
7f6906a2-7393-4a63-9a6d-a7fbdcc2b2ab,T20230110A001,0,0,3,60080043,2023-03-06 14:06:15.667,,DESKTOP-26RNAH5,00-15-17-D4-43-5F,10.129.96.56
6f5530e4-3c79-46d7-bc35-70a988ad39d3,T20230110A001,0,0,3,60120001,2023-03-06 14:06:16.019,850,DESKTOP-26RNAH5,00-15-17-D4-43-5F,10.129.96.56
4c9f090a-4f8a-44bc-8e90-e5f60744e338,T20230110A001,0,0,3,60120002,2023-03-06 14:06:16.373,850,DESKTOP-26RNAH5,00-15-17-D4-43-5F,10.129.96.56
adc11625-245a-47b0-a830-899e7e6863b4,T20230110A001,0,0,3,60120003,2023-03-06 14:06:16.725,850,DESKTOP-26RNAH5,00-15-17-D4-43-5F,10.129.96.56
f9e95077-3bb3-4102-8811-3ec984baf16a,T20230110A001,0,0,3,60120004,2023-03-06 14:06:17.077,850,DESKTOP-26RNAH5,00-15-17-D4-43-5F,10.129.96.56
88852eda-1059-45ab-9d56-6e3ca1f78d21,T20230110A001,0,0,3,60120005,2023-03-06 14:06:17.429,850,DESKTOP-26RNAH5,00-15-17-D4-43-5F,10.129.96.56
b0243c0f-a238-4a88-8e56-2da042e7939d,T20230110A001,0,0,3,60120006,2023-03-06 14:06:17.781,850,DESKTOP-26RNAH5,00-15-17-D4-43-5F,10.129.96.56
e15165ed-9d21-41d2-98cd-df6d7fee4197,T20230110A001,0,0,3,60120007,2023-03-06 14:06:18.133,850,DESKTOP-26RNAH5,00-15-17-D4-43-5F,10.129.96.56
c54fad1d-745f-464a-b52f-019ff58d65a0,T20230110A001,0,0,3,60120008,2023-03-06 14:06:18.485,850,DESKTOP-26RNAH5,00-15-17-D4-43-5F,10.129.96.56
a872e007-3e72-40df-87dc-0bfd7432836d,T20230110A001,0,0,3,60120009,2023-03-06 14:06:18.836,850,DESKTOP-26RNAH5,00-15-17-D4-43-5F,10.129.96.56
b549a94f-b629-4ad5-99a0-575feda1ae2f,T20230110A001,0,0,3,60120010,2023-03-06 14:06:19.188,850,DESKTOP-26RNAH5,00-15-17-D4-43-5F,10.129.96.56
485c9178-3c3c-4404-8f01-3b24a2968c5a,T20230110A001,0,0,3,60120011,2023-03-06 14:06:19.540,850,DESKTOP-26RNAH5,00-15-17-D4-43-5F,10.129.96.56
f4b43c28-1e6a-410d-8e9c-3f32c2886912,T20230110A001,0,0,3,60120012,2023-03-06 14:06:19.892,850,DESKTOP-26RNAH5,00-15-17-D4-43-5F,10.129.96.56
52480870-b382-4d31-bc99-1816f493088c,T20230110A001,0,0,3,60120013,2023-03-06 14:06:20.244,850,DESKTOP-26RNAH5,00-15-17-D4-43-5F,10.129.96.56
dea718fa-dc0b-47b4-b275-d99cd2c7b0d1,T20230110A001,0,0,3,60120014,2023-03-06 14:06:20.596,850,DESKTOP-26RNAH5,00-15-17-D4-43-5F,10.129.96.56
cd929098-4acd-4555-9f97-ede5634f2690,T20230110A001,0,0,3,60120015,2023-03-06 14:06:20.948,850,DESKTOP-26RNAH5,00-15-17-D4-43-5F,10.129.96.56
3d199767-176c-4134-aa36-861abd1eb3a2,T20230110A001,0,0,3,60120016,2023-03-06 14:06:21.300,850,DESKTOP-26RNAH5,00-15-17-D4-43-5F,10.129.96.56
638579ff-05e8-42d4-a45d-c4aa5d7c89b1,T20230110A001,0,0,3,60120017,2023-03-06 14:06:21.652,850,DESKTOP-26RNAH5,00-15-17-D4-43-5F,10.129.96.56
2add3f01-9e88-4a53-b51d-5f0a71e73043,T20230110A001,0,0,3,60120018,2023-03-06 14:06:22.004,850,DESKTOP-26RNAH5,00-15-17-D4-43-5F,10.129.96.56
18b191e8-d02f-4db6-988c-c9237ea36186,T20230110A001,0,0,3,60120019,2023-03-06 14:06:22.356,850,DESKTOP-26RNAH5,00-15-17-D4-43-5F,10.129.96.56
a147582e-921d-43ed-85f4-f15b07ac74b4,T20230110A001,0,0,3,60120020,2023-03-06 14:06:22.708,850,DESKTOP-26RNAH5,00-15-17-D4-43-5F,10.129.96.56
7b12429e-354a-400b-a55d-3a7ce7a381bd,T20230110A001,0,0,3,60120021,2023-03-06 14:06:23.060,850,DESKTOP-26RNAH5,00-15-17-D4-43-5F,10.129.96.56
9ff524c2-ff12-4673-bf25-272f9fb9c414,T20230110A001,0,0,3,60120022,2023-03-06 14:06:23.412,850,DESKTOP-26RNAH5,00-15-17-D4-43-5F,10.129.96.56
e691d298-f366-4ea5-8c21-f9e70b9ebf94,T20230110A001,0,0,3,60120023,2023-03-06 14:06:23.764,850,DESKTOP-26RNAH5,00-15-17-D4-43-5F,10.129.96.56
523a6e3f-2837-4cbe-b350-e8fd7d22d39b,T20230110A001,0,0,3,60120024,2023-03-06 14:06:24.116,851,DESKTOP-26RNAH5,00-15-17-D4-43-5F,10.129.96.56
2241d17d-1be1-4b79-9131-2c01c953fcaa,T20230110A001,0,0,3,60120025,2023-03-06 14:06:24.467,851,DESKTOP-26RNAH5,00-15-17-D4-43-5F,10.129.96.56
db464944-272f-45b5-a5b9-0b23ac6c50a5,T20230110A001,0,0,3,60120026,2023-03-06 14:06:24.819,851,DESKTOP-26RNAH5,00-15-17-D4-43-5F,10.129.96.56
350f815f-5a0d-4943-9a3e-70af457f0e8e,T20230110A001,0,0,3,60120027,2023-03-06 14:06:25.171,851,DESKTOP-26RNAH5,00-15-17-D4-43-5F,10.129.96.56
88d1171d-1b0b-4d00-8a6f-ad2bc4dcf820,T20230110A001,0,0,3,60120028,2023-03-06 14:06:25.523,851,DESKTOP-26RNAH5,00-15-17-D4-43-5F,10.129.96.56
410b07d9-2cb4-43fe-8e22-30c374036935,T20230110A001,0,0,3,60120029,2023-03-06 14:06:25.875,851,DESKTOP-26RNAH5,00-15-17-D4-43-5F,10.129.96.56
c81176dc-592c-4c97-8e04-a2433ad1b7c1,T20230110A001,0,0,3,60120030,2023-03-06 14:06:26.227,851,DESKTOP-26RNAH5,00-15-17-D4-43-5F,10.129.96.56
ebffb64a-1942-40ce-8e9c-4366f45733d8,T20230110A001,0,0,3,60120031,2023-03-06 14:06:26.579,851,DESKTOP-26RNAH5,00-15-17-D4-43-5F,10.129.96.56
8bda89cc-fd8f-4790-8c7f-6c48f91ff072,T20230110A001,0,0,3,60120032,2023-03-06 14:06:26.931,852,DESKTOP-26RNAH5,00-15-17-D4-43-5F,10.129.96.56
e85f02ab-b16e-43b1-a231-27c60e5ffb9f,T20230110A001,0,0,3,60120033,2023-03-06 14:06:27.283,852,DESKTOP-26RNAH5,00-15-17-D4-43-5F,10.129.96.56
7f80048a-a661-4efc-90a0-c4d1a8b8f188,T20230110A001,0,0,3,60120034,2023-03-06 14:06:27.635,852,DESKTOP-26RNAH5,00-15-17-D4-43-5F,10.129.96.56
9aee3b47-941d-4baf-8a26-b1ac1567e310,T20230110A001,0,0,3,60120035,2023-03-06 14:06:27.987,852,DESKTOP-26RNAH5,00-15-17-D4-43-5F,10.129.96.56
b0bc0517-e0a0-4ba6-ba7c-b935acc06a3f,T20230110A001,0,0,3,60120036,2023-03-06 14:06:28.339,852,DESKTOP-26RNAH5,00-15-17-D4-43-5F,10.129.96.56
590fef78-63bd-4af9-b70a-8f1191df1dc3,T20230110A001,0,0,3,60120037,2023-03-06 14:06:28.691,852,DESKTOP-26RNAH5,00-15-17-D4-43-5F,10.129.96.56
511983c3-e8ba-4aaf-9caf-0b528a636192,T20230110A001,0,0,3,60120038,2023-03-06 14:06:29.043,852,DESKTOP-26RNAH5,00-15-17-D4-43-5F,10.129.96.56
e3e4172d-b17a-4e9b-a7e5-533b7d1a1968,T20230110A001,0,0,1,12010002,2023-03-06 14:06:29.335,,DESKTOP-26RNAH5,00-15-17-D4-43-5F,10.129.96.56
12a547a0-8c7b-4cf0-889a-79f02c924d9c,T20230110A001,0,0,3,60120039,2023-03-06 14:06:29.395,852,DESKTOP-26RNAH5,00-15-17-D4-43-5F,10.129.96.56
7e57f21f-0f13-4a28-94f5-9c0094f5729a,T20230110A001,0,0,2,,2023-03-06 14:06:29.687,,DESKTOP-26RNAH5,00-15-17-D4-43-5F,10.129.96.56
1cd18060-f8c6-4750-8c87-507282d7cbe2,T20230110A001,0,0,3,60120040,2023-03-06 14:06:29.747,852,DESKTOP-26RNAH5,00-15-17-D4-43-5F,10.129.96.56
c1716a00-a5f8-4c8f-bbdd-cc8dea7e4bf4,T20230110A001,0,0,3,50010004,2023-03-06 14:06:30.039,850,DESKTOP-26RNAH5,00-15-17-D4-43-5F,10.129.96.56
023b647b-d36e-4d8c-aebe-9b551e3b46f1,T20230110A001,0,0,3,60120041,2023-03-06 14:06:30.098,852,DESKTOP-26RNAH5,00-15-17-D4-43-5F,10.129.96.56
43da8a44-cd5f-4054-9141-1ef9750ca3ab,T20230110A001,0,0,3,50010005,2023-03-06 14:06:30.391,850,DESKTOP-26RNAH5,00-15-17-D4-43-5F,10.129.96.56
de49ae91-8a9b-465a-a241-66b2199aa103,T20230110A001,0,0,3,60120042,2023-03-06 14:06:30.450,852,DESKTOP-26RNAH5,00-15-17-D4-43-5F,10.129.96.56
4f8fd5c5-6399-43b2-9e39-cb9ebda26c3b,T20230110A001,0,0,3,50010006,2023-03-06 14:06:30.743,850,DESKTOP-26RNAH5,00-15-17-D4-43-5F,10.129.96.56
d5f1526f-0a6f-479d-af4b-08de51f280ca,T20230110A001,0,0,3,60120043,2023-03-06 14:06:30.802,852,DESKTOP-26RNAH5,00-15-17-D4-43-5F,10.129.96.56
2af9ca5b-ee85-4eb2-8934-9c1945cbb86e,T20230110A001,0,0,3,50010007,2023-03-06 14:06:31.095,850,DESKTOP-26RNAH5,00-15-17-D4-43-5F,10.129.96.56
58427526-f44a-4c9f-8a82-d52a5f1cb818,T20230110A001,0,0,3,60120044,2023-03-06 14:06:31.154,851,DESKTOP-26RNAH5,00-15-17-D4-43-5F,10.129.96.56
afd406e3-48bc-4729-8212-da7a1344648d,T20230110A001,0,0,3,50010008,2023-03-06 14:06:31.447,850,DESKTOP-26RNAH5,00-15-17-D4-43-5F,10.129.96.56
eb5eab31-ee0c-43b6-8089-a5824fc7b4ec,T20230110A001,0,0,3,60120045,2023-03-06 14:06:31.506,851,DESKTOP-26RNAH5,00-15-17-D4-43-5F,10.129.96.56
7d44a618-689e-4ebc-8bbd-9774240df38b,T20230110A001,0,0,3,50010009,2023-03-06 14:06:31.799,850,DESKTOP-26RNAH5,00-15-17-D4-43-5F,10.129.96.56
38ba514d-83b4-4d19-b943-7b18a65377ab,T20230110A001,0,0,3,60120046,2023-03-06 14:06:31.858,851,DESKTOP-26RNAH5,00-15-17-D4-43-5F,10.129.96.56
c7111aa2-1d92-490d-a03f-331424109852,T20230110A001,0,0,3,50010010,2023-03-06 14:06:32.151,850,DESKTOP-26RNAH5,00-15-17-D4-43-5F,10.129.96.56
ff109406-fba7-4813-b0e6-247c09692cc5,T20230110A001,0,0,3,60120047,2023-03-06 14:06:32.210,853,DESKTOP-26RNAH5,00-15-17-D4-43-5F,10.129.96.56
35cade9e-28be-4468-a6b6-306d3216c5eb,T20230110A001,0,0,3,50010011,2023-03-06 14:06:32.503,850,DESKTOP-26RNAH5,00-15-17-D4-43-5F,10.129.96.56
06881ad3-fd41-4e52-845c-fe4424cce6d0,T20230110A001,0,0,3,60120048,2023-03-06 14:06:32.562,853,DESKTOP-26RNAH5,00-15-17-D4-43-5F,10.129.96.56
3d1ea10d-c8b2-43e5-be77-7cab7b6c253e,T20230110A001,0,0,3,50010012,2023-03-06 14:06:32.855,850,DESKTOP-26RNAH5,00-15-17-D4-43-5F,10.129.96.56
258afe43-7ba9-4e7a-b0ca-c8a4dbbe0ad4,T20230110A001,0,0,3,60120049,2023-03-06 14:06:32.914,853,DESKTOP-26RNAH5,00-15-17-D4-43-5F,10.129.96.56
7dae977d-1998-41f3-8f75-3a4e324e211d,T20230110A001,0,0,3,50010013,2023-03-06 14:06:33.207,850,DESKTOP-26RNAH5,00-15-17-D4-43-5F,10.129.96.56
8ad5e857-44e2-447d-b853-b4030898019c,T20230110A001,0,0,3,60120050,2023-03-06 14:06:33.266,853,DESKTOP-26RNAH5,00-15-17-D4-43-5F,10.129.96.56
b8e75d3f-d12c-4d60-aa5c-a8c14602edec,T20230110A001,0,0,2,,2023-03-06 14:06:33.445,,DESKTOP-26RNAH5,00-15-17-D4-43-5F,10.129.96.56
a83ae688-7891-48d7-97ca-07db9be5a2f4,T20230110A001,0,0,3,50010014,2023-03-06 14:06:33.559,850,DESKTOP-26RNAH5,00-15-17-D4-43-5F,10.129.96.56
f50d93e5-6960-428f-ab1e-44f7cc6e96cc,T20230110A001,0,0,3,60120051,2023-03-06 14:06:33.618,853,DESKTOP-26RNAH5,00-15-17-D4-43-5F,10.129.96.56
90843fd8-f022-406c-8db6-cdd498fff985,T20230110A001,0,0,5,70020003,2023-03-06 14:16:33.445,,DESKTOP-26RNAH5,00-15-17-D4-43-5F,10.129.96.56
b7e045aa-0128-4e92-8738-c81c357c61bb,T20230110A001,0,0,2,,2023-03-06 14:26:33.445,,DESKTOP-26RNAH5,00-15-17-D4-43-5F,10.129.96.56
12e47a83-3c1e-48ce-9891-235dda40b23c,T20230110A001,0,0,3,50010015,2023-03-06 14:06:33.911,850,DESKTOP-26RNAH5,00-15-17-D4-43-5F,10.129.96.56
aaa4c6aa-105c-499f-83ce-41c00ebc0297,T20230110A001,0,0,3,60120052,2023-03-06 14:06:33.970,853,DESKTOP-26RNAH5,00-15-17-D4-43-5F,10.129.96.56
d76bb2c5-394d-442e-a15a-257cb4a6128a,T20230110A001,0,0,1,12010002,2023-03-06 14:36:33.445,,DESKTOP-26RNAH5,00-15-17-D4-43-5F,10.129.96.56
643035f5-39dd-4bbc-8738-5e0fd8073357,T20230110A001,0,0,2,,2023-03-06 14:46:33.445,,DESKTOP-26RNAH5,00-15-17-D4-43-5F,10.129.96.56
820b7f9f-3929-4bcf-95dd-1c0a48e19b9a,T20230110A001,0,0,3,50010016,2023-03-06 14:06:34.263,850,DESKTOP-26RNAH5,00-15-17-D4-43-5F,10.129.96.56
15b0cdab-88d6-47e5-8089-8c99fd0e47b4,T20230110A001,0,0,3,60080004,2023-03-06 14:56:33.445,,DESKTOP-26RNAH5,00-15-17-D4-43-5F,10.129.96.56
c7a2f868-c0d3-428d-9c5f-c4599f9560e7,T20230110A001,0,0,3,60120053,2023-03-06 14:06:34.322,853,DESKTOP-26RNAH5,00-15-17-D4-43-5F,10.129.96.56
bf07c113-a040-444d-81c8-d8ce70ad464d,T20230110A001,0,0,2,,2023-03-06 15:06:33.445,,DESKTOP-26RNAH5,00-15-17-D4-43-5F,10.129.96.56
0f558d66-b763-458f-bcab-42075a7aba56,T20230110A001,0,0,5,70020003,2023-03-06 15:21:33.445,,DESKTOP-26RNAH5,00-15-17-D4-43-5F,10.129.96.56
26d6fd98-546f-4ea2-a239-e92c61c89be3,T20230110A001,0,0,3,50010017,2023-03-06 14:06:34.614,850,DESKTOP-26RNAH5,00-15-17-D4-43-5F,10.129.96.56
bc562d8e-ee44-4e54-a36a-b79065f71da2,T20230110A001,0,0,3,60120054,2023-03-06 14:06:34.674,853,DESKTOP-26RNAH5,00-15-17-D4-43-5F,10.129.96.56
d762e7b3-a95f-41a5-acc1-879a6551ac5d,T20230110A001,0,0,2,,2023-03-06 15:31:33.445,,DESKTOP-26RNAH5,00-15-17-D4-43-5F,10.129.96.56
45a6bb5c-b4af-4c0b-a961-63301993b6ef,T20230110A001,0,0,5,70020002,2023-03-06 15:36:33.445,,DESKTOP-26RNAH5,00-15-17-D4-43-5F,10.129.96.56
df0cec19-7586-47a5-b1b1-e9db140504f1,T20230110A001,0,0,3,50010018,2023-03-06 14:06:34.966,850,DESKTOP-26RNAH5,00-15-17-D4-43-5F,10.129.96.56
8c317def-3e02-4d44-bdd1-4cedc5f02b81,T20230110A001,0,0,3,60120055,2023-03-06 14:06:35.026,853,DESKTOP-26RNAH5,00-15-17-D4-43-5F,10.129.96.56
68ef1cf1-d141-488f-93d0-9b8822f12317,T20230110A001,0,0,3,50010019,2023-03-06 14:06:35.318,850,DESKTOP-26RNAH5,00-15-17-D4-43-5F,10.129.96.56
fdc00dea-54b1-4c5c-83e6-a58d49f88759,T20230110A001,0,0,3,60120056,2023-03-06 14:06:35.378,853,DESKTOP-26RNAH5,00-15-17-D4-43-5F,10.129.96.56
ed17b7d8-7bdf-4d0e-a5d0-7f5d3bc10490,T20230110A001,0,0,3,50010020,2023-03-06 14:06:35.670,850,DESKTOP-26RNAH5,00-15-17-D4-43-5F,10.129.96.56
08ec6899-f371-4776-917c-07d3dd38eb74,T20230110A001,0,0,3,60120057,2023-03-06 14:06:35.729,853,DESKTOP-26RNAH5,00-15-17-D4-43-5F,10.129.96.56
65c43286-36a1-4005-aa12-60f0dad40349,T20230110A001,0,0,3,50010021,2023-03-06 14:06:36.022,850,DESKTOP-26RNAH5,00-15-17-D4-43-5F,10.129.96.56
da332eac-57d3-4436-ba31-36a3dde03043,T20230110A001,0,0,3,60120058,2023-03-06 14:06:36.081,853,DESKTOP-26RNAH5,00-15-17-D4-43-5F,10.129.96.56
d682c9b7-240d-425d-b865-89899fc25fe8,T20230110A001,0,0,3,50010022,2023-03-06 14:06:36.374,850,DESKTOP-26RNAH5,00-15-17-D4-43-5F,10.129.96.56
218129d7-7782-413c-a48a-067bea375c6a,T20230110A001,0,0,3,60120059,2023-03-06 14:06:36.433,854,DESKTOP-26RNAH5,00-15-17-D4-43-5F,10.129.96.56
c752c31b-5cb4-4c42-a768-3f0823fd404f,T20230110A001,0,0,3,50010023,2023-03-06 14:06:36.726,850,DESKTOP-26RNAH5,00-15-17-D4-43-5F,10.129.96.56
4b2ce709-f1ec-4100-a381-e45a654ab306,T20230110A001,0,0,3,60120060,2023-03-06 14:06:36.785,854,DESKTOP-26RNAH5,00-15-17-D4-43-5F,10.129.96.56
eb89474a-b656-4f6a-afe8-37585469ccca,T20230110A001,0,0,3,50010024,2023-03-06 14:06:37.078,850,DESKTOP-26RNAH5,00-15-17-D4-43-5F,10.129.96.56
8c5cd98d-4d16-4fe2-9f98-e4cb83887028,T20230110A001,0,0,3,60120061,2023-03-06 14:06:37.137,854,DESKTOP-26RNAH5,00-15-17-D4-43-5F,10.129.96.56
71c376c5-a983-46d2-855c-00222293d444,T20230110A001,0,0,3,50010025,2023-03-06 14:06:37.431,851,DESKTOP-26RNAH5,00-15-17-D4-43-5F,10.129.96.56
f98997a2-3088-4197-8c27-4d3ff97d2473,T20230110A001,0,0,3,60120062,2023-03-06 14:06:37.490,854,DESKTOP-26RNAH5,00-15-17-D4-43-5F,10.129.96.56
122e3198-30c8-4416-bbda-b0d5851ba3a6,T20230110A001,0,0,3,50010026,2023-03-06 14:06:37.783,851,DESKTOP-26RNAH5,00-15-17-D4-43-5F,10.129.96.56
3e0f1785-e8d3-4d14-b53c-6a28a089c3b1,T20230110A001,0,0,3,60120063,2023-03-06 14:06:37.842,854,DESKTOP-26RNAH5,00-15-17-D4-43-5F,10.129.96.56
f2c86e55-ca1e-4e66-97fa-5ffe7c056e03,T20230110A001,0,0,3,50010027,2023-03-06 14:06:38.135,851,DESKTOP-26RNAH5,00-15-17-D4-43-5F,10.129.96.56
25185cb5-ce0c-492e-a509-4a7635db611a,T20230110A001,0,0,3,60120064,2023-03-06 14:06:38.194,854,DESKTOP-26RNAH5,00-15-17-D4-43-5F,10.129.96.56
6b0c0409-185f-4cf7-98b0-9209fb51a3b2,T20230110A001,0,0,3,50010028,2023-03-06 14:06:38.487,851,DESKTOP-26RNAH5,00-15-17-D4-43-5F,10.129.96.56
60d716b2-21a5-4df3-81c9-79edf645aace,T20230110A001,0,0,3,60120065,2023-03-06 14:06:38.546,854,DESKTOP-26RNAH5,00-15-17-D4-43-5F,10.129.96.56
bdd8ecfa-667b-48fb-84bb-548b88f3a723,T20230110A001,0,0,3,50010029,2023-03-06 14:06:38.839,851,DESKTOP-26RNAH5,00-15-17-D4-43-5F,10.129.96.56
c135320f-f188-4c94-ba5b-dd9d2279f059,T20230110A001,0,0,3,60120066,2023-03-06 14:06:38.898,854,DESKTOP-26RNAH5,00-15-17-D4-43-5F,10.129.96.56
46fc78af-fd61-4dfd-bd71-9738810dc283,T20230110A001,0,0,3,50010030,2023-03-06 14:06:39.191,851,DESKTOP-26RNAH5,00-15-17-D4-43-5F,10.129.96.56
712e7a21-a07b-4384-a4cb-b517ea52ad0a,T20230110A001,0,0,3,60120067,2023-03-06 14:06:39.250,854,DESKTOP-26RNAH5,00-15-17-D4-43-5F,10.129.96.56
3e962e9f-d420-4c91-9ce6-9f11586118a9,T20230110A001,0,0,3,50010031,2023-03-06 14:06:39.543,851,DESKTOP-26RNAH5,00-15-17-D4-43-5F,10.129.96.56
65d77b92-d7dc-4420-95a0-8999e05231d7,T20230110A001,0,0,3,60120068,2023-03-06 14:06:39.602,854,DESKTOP-26RNAH5,00-15-17-D4-43-5F,10.129.96.56
3ae531f1-9f96-470f-8a14-99fdc346428c,T20230110A001,0,0,3,50010032,2023-03-06 14:06:39.895,851,DESKTOP-26RNAH5,00-15-17-D4-43-5F,10.129.96.56
25c2c1e2-8dce-4c80-810c-ef60ad4311d3,T20230110A001,0,0,3,60120069,2023-03-06 14:06:39.954,854,DESKTOP-26RNAH5,00-15-17-D4-43-5F,10.129.96.56
06d2daf6-c718-4cc1-8ab3-ecc566d95992,T20230110A001,0,0,3,50010033,2023-03-06 14:06:40.247,851,DESKTOP-26RNAH5,00-15-17-D4-43-5F,10.129.96.56
5470f48c-7fed-4ebf-9b07-7105be039e4a,T20230110A001,0,0,3,60120070,2023-03-06 14:06:40.306,854,DESKTOP-26RNAH5,00-15-17-D4-43-5F,10.129.96.56
bbf051c8-6b3b-4fd7-80ab-74c9d6478520,T20230110A001,0,0,3,50010034,2023-03-06 14:06:40.599,851,DESKTOP-26RNAH5,00-15-17-D4-43-5F,10.129.96.56
338b35f7-8d8d-4913-a25f-c995d876dbe7,T20230110A001,0,0,3,60120071,2023-03-06 14:06:40.658,851,DESKTOP-26RNAH5,00-15-17-D4-43-5F,10.129.96.56
82b0cda6-d872-4dbc-8ed5-e5946a7b582b,T20230110A001,0,0,3,50010035,2023-03-06 14:06:40.951,851,DESKTOP-26RNAH5,00-15-17-D4-43-5F,10.129.96.56
54165541-3a3c-4499-96d6-f968dcf4c986,T20230110A001,0,0,3,60120072,2023-03-06 14:06:41.010,851,DESKTOP-26RNAH5,00-15-17-D4-43-5F,10.129.96.56
976de676-a6c9-418d-86a8-0e9a774b43bb,T20230110A001,0,0,3,50010036,2023-03-06 14:06:41.302,851,DESKTOP-26RNAH5,00-15-17-D4-43-5F,10.129.96.56
5c4dd8cf-283b-477a-af64-19118a5b307a,T20230110A001,0,0,3,60120073,2023-03-06 14:06:41.362,851,DESKTOP-26RNAH5,00-15-17-D4-43-5F,10.129.96.56
a4bae02f-03c7-47e1-93fb-8c27d1e48b66,T20230110A001,0,0,3,50010037,2023-03-06 14:06:41.654,852,DESKTOP-26RNAH5,00-15-17-D4-43-5F,10.129.96.56
9c375979-27c4-407c-90a1-d3a1928d86ab,T20230110A001,0,0,3,60120074,2023-03-06 14:06:41.714,851,DESKTOP-26RNAH5,00-15-17-D4-43-5F,10.129.96.56
422c6bd2-8484-4956-91e2-6d7c80a2fd4c,T20230110A001,0,0,3,50010038,2023-03-06 14:06:42.006,852,DESKTOP-26RNAH5,00-15-17-D4-43-5F,10.129.96.56
574ad110-6465-4078-a229-c410c9fccb47,T20230110A001,0,0,3,60120075,2023-03-06 14:06:42.065,851,DESKTOP-26RNAH5,00-15-17-D4-43-5F,10.129.96.56
0e210005-603b-47af-bc95-71fdc922dfc2,T20230110A001,0,0,3,50010039,2023-03-06 14:06:42.358,852,DESKTOP-26RNAH5,00-15-17-D4-43-5F,10.129.96.56
4f9a7103-2bc8-4e61-a23a-9c2f7df7e909,T20230110A001,0,0,3,60120076,2023-03-06 14:06:42.417,851,DESKTOP-26RNAH5,00-15-17-D4-43-5F,10.129.96.56
a41adbfd-1687-4dd9-b0ca-f832517d70e3,T20230110A001,0,0,3,50010040,2023-03-06 14:06:42.710,852,DESKTOP-26RNAH5,00-15-17-D4-43-5F,10.129.96.56
87240f51-64fb-4321-ab86-df30979c9aaf,T20230110A001,0,0,3,60120077,2023-03-06 14:06:42.769,851,DESKTOP-26RNAH5,00-15-17-D4-43-5F,10.129.96.56
d95cb70c-63f6-4b49-9c36-8a7980915500,T20230110A001,0,0,3,50010041,2023-03-06 14:06:43.062,852,DESKTOP-26RNAH5,00-15-17-D4-43-5F,10.129.96.56
5e3f200d-2401-427d-b850-4b09dac7eec1,T20230110A001,0,0,3,60120078,2023-03-06 14:06:43.121,851,DESKTOP-26RNAH5,00-15-17-D4-43-5F,10.129.96.56
7963a671-bbd0-48ec-8a6a-c0e8315ffaf8,T20230110A001,0,0,3,50010042,2023-03-06 14:06:43.414,852,DESKTOP-26RNAH5,00-15-17-D4-43-5F,10.129.96.56
737ffcd8-d0f3-4bf9-88d9-f348414e96bd,T20230110A001,0,0,3,60120079,2023-03-06 14:06:43.473,851,DESKTOP-26RNAH5,00-15-17-D4-43-5F,10.129.96.56
97136790-8ea4-4071-93e5-a8d090191292,T20230110A001,0,0,3,50010043,2023-03-06 14:06:43.766,852,DESKTOP-26RNAH5,00-15-17-D4-43-5F,10.129.96.56
5ee8b657-793c-4e01-9157-1a5daadc3970,T20230110A001,0,0,3,60120080,2023-03-06 14:06:43.825,851,DESKTOP-26RNAH5,00-15-17-D4-43-5F,10.129.96.56
74912cfd-386f-4c2d-8f73-aef5094e0d0e,T20230110A001,0,0,3,50010044,2023-03-06 14:06:44.118,852,DESKTOP-26RNAH5,00-15-17-D4-43-5F,10.129.96.56
d38bb780-8b02-4ac3-9e99-21b15a826ea4,T20230110A001,0,0,3,60120081,2023-03-06 14:06:44.177,851,DESKTOP-26RNAH5,00-15-17-D4-43-5F,10.129.96.56
974f5556-58fd-4725-8673-209bbdbc66f1,T20230110A001,0,0,3,50010045,2023-03-06 14:06:44.470,852,DESKTOP-26RNAH5,00-15-17-D4-43-5F,10.129.96.56
84ae22ee-f8a5-46f5-a142-3c3d2bec5115,T20230110A001,0,0,3,60120082,2023-03-06 14:06:44.529,851,DESKTOP-26RNAH5,00-15-17-D4-43-5F,10.129.96.56
f1759996-a510-4dfb-ad6c-d1ed5a2c29bc,T20230110A001,0,0,3,50010046,2023-03-06 14:06:44.822,852,DESKTOP-26RNAH5,00-15-17-D4-43-5F,10.129.96.56
110528ed-10a9-43be-b4c0-0b267221e30a,T20230110A001,0,0,3,60120083,2023-03-06 14:06:44.881,851,DESKTOP-26RNAH5,00-15-17-D4-43-5F,10.129.96.56
7da72c61-9c0c-4a3b-bc66-e5399158ea1f,T20230110A001,0,0,3,50010047,2023-03-06 14:06:45.174,852,DESKTOP-26RNAH5,00-15-17-D4-43-5F,10.129.96.56
649064d7-eb0e-47da-9bc6-8458cd4d64bb,T20230110A001,0,0,3,60120084,2023-03-06 14:06:45.233,851,DESKTOP-26RNAH5,00-15-17-D4-43-5F,10.129.96.56
c2d062b7-46b6-41a3-b259-3921863e809d,T20230110A001,0,0,3,50010048,2023-03-06 14:06:45.526,852,DESKTOP-26RNAH5,00-15-17-D4-43-5F,10.129.96.56
870c3693-02cc-4719-81ba-c679372676bb,T20230110A001,0,0,3,60120085,2023-03-06 14:06:45.585,851,DESKTOP-26RNAH5,00-15-17-D4-43-5F,10.129.96.56
17d78058-363e-421e-9b8e-71532af6b816,T20230110A001,0,0,3,50010049,2023-03-06 14:06:45.878,852,DESKTOP-26RNAH5,00-15-17-D4-43-5F,10.129.96.56
d24c459b-db34-4caa-96ec-c9ac6cdf95a0,T20230110A001,0,0,3,60120086,2023-03-06 14:06:45.937,851,DESKTOP-26RNAH5,00-15-17-D4-43-5F,10.129.96.56
86179866-64d4-497d-a6db-99fc6d3f25cd,T20230110A001,0,0,3,50010050,2023-03-06 14:06:46.230,852,DESKTOP-26RNAH5,00-15-17-D4-43-5F,10.129.96.56
2f782e92-021b-4467-98d1-affb7f51bc91,T20230110A001,0,0,3,60120087,2023-03-06 14:06:46.290,852,DESKTOP-26RNAH5,00-15-17-D4-43-5F,10.129.96.56
f6f3efc5-4d1c-4450-a8d6-78482f77e557,T20230110A001,0,0,3,50010051,2023-03-06 14:06:46.582,852,DESKTOP-26RNAH5,00-15-17-D4-43-5F,10.129.96.56
d8056d5d-f7cd-4513-b382-684d3464ede5,T20230110A001,0,0,3,60120088,2023-03-06 14:06:46.642,852,DESKTOP-26RNAH5,00-15-17-D4-43-5F,10.129.96.56
3a3cc188-a9a4-47ec-ba56-07a170ec5993,T20230110A001,0,0,3,50010052,2023-03-06 14:06:46.933,852,DESKTOP-26RNAH5,00-15-17-D4-43-5F,10.129.96.56
052a162f-dccb-40b6-8467-7ca4e4470258,T20230110A001,0,0,3,60120089,2023-03-06 14:06:46.994,852,DESKTOP-26RNAH5,00-15-17-D4-43-5F,10.129.96.56
49b2c0a6-5f85-4a77-8e36-18d091796d0e,T20230110A001,0,0,3,50010053,2023-03-06 14:06:47.285,850,DESKTOP-26RNAH5,00-15-17-D4-43-5F,10.129.96.56
e91bc9d6-d130-49f5-9212-416449754c8b,T20230110A001,0,0,3,60120090,2023-03-06 14:06:47.346,852,DESKTOP-26RNAH5,00-15-17-D4-43-5F,10.129.96.56
0d717980-888e-424a-bbe4-3d26adac7b81,T20230110A001,0,0,3,50010054,2023-03-06 14:06:47.637,850,DESKTOP-26RNAH5,00-15-17-D4-43-5F,10.129.96.56
a1f1e402-dc5d-4d82-9ade-d8de2c388086,T20230110A001,0,0,3,60120091,2023-03-06 14:06:47.697,852,DESKTOP-26RNAH5,00-15-17-D4-43-5F,10.129.96.56
6aa37792-2358-4d16-a19b-f653e166df69,T20230110A001,0,0,3,50010055,2023-03-06 14:06:47.989,850,DESKTOP-26RNAH5,00-15-17-D4-43-5F,10.129.96.56
100bc125-f790-46e4-b7c6-587cfa6d67a3,T20230110A001,0,0,3,60120092,2023-03-06 14:06:48.049,852,DESKTOP-26RNAH5,00-15-17-D4-43-5F,10.129.96.56
ca22e064-1ea6-4efe-b088-c9c04928fc65,T20230110A001,0,0,3,50010056,2023-03-06 14:06:48.341,850,DESKTOP-26RNAH5,00-15-17-D4-43-5F,10.129.96.56
8d450714-c664-47bc-80e9-64eba910ddae,T20230110A001,0,0,3,60120093,2023-03-06 14:06:48.401,852,DESKTOP-26RNAH5,00-15-17-D4-43-5F,10.129.96.56
2270087c-5bbf-4930-8e9a-db9ddd682a11,T20230110A001,0,0,3,50010057,2023-03-06 14:06:48.693,852,DESKTOP-26RNAH5,00-15-17-D4-43-5F,10.129.96.56
1efaacaf-dd17-45fa-85b3-2f9baf771d20,T20230110A001,0,0,3,60120094,2023-03-06 14:06:48.753,852,DESKTOP-26RNAH5,00-15-17-D4-43-5F,10.129.96.56
57fd7289-a069-4ad9-98be-eb11e7bf1bef,T20230110A001,0,0,3,50010058,2023-03-06 14:06:49.045,852,DESKTOP-26RNAH5,00-15-17-D4-43-5F,10.129.96.56
cb2d35ea-ac50-4ea5-8f23-482380d7f700,T20230110A001,0,0,3,60120095,2023-03-06 14:06:49.105,852,DESKTOP-26RNAH5,00-15-17-D4-43-5F,10.129.96.56
6ea2a483-62df-42f5-8bbc-0d54867d5ae7,T20230110A001,0,0,3,50010059,2023-03-06 14:06:49.397,852,DESKTOP-26RNAH5,00-15-17-D4-43-5F,10.129.96.56
8c570e7b-19b2-4b1b-9480-0c7e4b8b76a5,T20230110A001,0,0,3,60120096,2023-03-06 14:06:49.457,852,DESKTOP-26RNAH5,00-15-17-D4-43-5F,10.129.96.56
7dfb47f8-13a6-4024-9152-224bc1bfdebe,T20230110A001,0,0,3,50010060,2023-03-06 14:06:49.749,853,DESKTOP-26RNAH5,00-15-17-D4-43-5F,10.129.96.56
32af7b58-e26c-4d17-91ec-d197c4531d1b,T20230110A001,0,0,3,60120097,2023-03-06 14:06:49.809,852,DESKTOP-26RNAH5,00-15-17-D4-43-5F,10.129.96.56
bf9b10dc-4174-4acf-bca0-fa36fae2b87a,T20230110A001,0,0,3,50010061,2023-03-06 14:06:50.101,853,DESKTOP-26RNAH5,00-15-17-D4-43-5F,10.129.96.56
c028da20-2890-45bd-add0-5da0d431060a,T20230110A001,0,0,3,60120098,2023-03-06 14:06:50.161,852,DESKTOP-26RNAH5,00-15-17-D4-43-5F,10.129.96.56
73f072a0-dce0-4219-a487-366f4591fba9,T20230110A001,0,0,3,50010062,2023-03-06 14:06:50.453,854,DESKTOP-26RNAH5,00-15-17-D4-43-5F,10.129.96.56
62cdfdbc-75af-4aed-91a6-8ca0a9adde35,T20230110A001,0,0,3,60120099,2023-03-06 14:06:50.513,852,DESKTOP-26RNAH5,00-15-17-D4-43-5F,10.129.96.56
208f64ea-bc8c-403c-8846-2990de72db21,T20230110A001,0,0,3,50010063,2023-03-06 14:06:50.805,854,DESKTOP-26RNAH5,00-15-17-D4-43-5F,10.129.96.56
e0e1842f-b565-42bd-9f02-944e0b622a3c,T20230110A001,0,0,3,60120100,2023-03-06 14:06:50.865,852,DESKTOP-26RNAH5,00-15-17-D4-43-5F,10.129.96.56
17a2b01e-f3bd-4c24-8e6e-13e4c731e5d2,T20230110A001,0,0,3,50010064,2023-03-06 14:06:51.157,854,DESKTOP-26RNAH5,00-15-17-D4-43-5F,10.129.96.56
84a7a4bc-0ac4-4b09-bbc1-38fe95cb3cdf,T20230110A001,0,0,3,60120101,2023-03-06 14:06:51.217,852,DESKTOP-26RNAH5,00-15-17-D4-43-5F,10.129.96.56
c23dffd0-3309-44c8-86f3-7c02782bc638,T20230110A001,0,0,3,50010065,2023-03-06 14:06:51.509,851,DESKTOP-26RNAH5,00-15-17-D4-43-5F,10.129.96.56
20f8724f-1f56-4fc6-b9f2-bfced0464985,T20230110A001,0,0,3,60120102,2023-03-06 14:06:51.569,852,DESKTOP-26RNAH5,00-15-17-D4-43-5F,10.129.96.56
14d0e8ff-b1cf-4cf4-bbeb-46ccc52ea5c5,T20230110A001,0,0,3,50010066,2023-03-06 14:06:51.861,853,DESKTOP-26RNAH5,00-15-17-D4-43-5F,10.129.96.56
da1a37cf-d409-453a-bb6d-06752e98f343,T20230110A001,0,0,5,70020001,2023-03-06 14:06:51.921,,DESKTOP-26RNAH5,00-15-17-D4-43-5F,10.129.96.56
870a9457-d47f-47ed-bd75-eb4dd8592020,T20230110A001,0,0,3,50010067,2023-03-06 14:06:52.212,854,DESKTOP-26RNAH5,00-15-17-D4-43-5F,10.129.96.56
f4be20c6-5b39-4697-b65d-1a8aa8f0a733,T20230110A001,0,0,5,70020002,2023-03-06 14:06:52.273,,DESKTOP-26RNAH5,00-15-17-D4-43-5F,10.129.96.56
5165596d-499b-4de6-9a23-b79c639b47a4,T20230110A001,0,0,3,50010068,2023-03-06 14:06:52.565,850,DESKTOP-26RNAH5,00-15-17-D4-43-5F,10.129.96.56
284ac296-2a17-4407-8a8a-72ad920ee5bb,T20230110A001,0,0,1,,2023-03-06 14:06:52.625,,DESKTOP-26RNAH5,00-15-17-D4-43-5F,10.129.96.56
da5af33a-d7d0-45a9-a1c8-c656880733f0,T20230110A001,0,0,3,50010069,2023-03-06 14:06:52.916,850,DESKTOP-26RNAH5,00-15-17-D4-43-5F,10.129.96.56
ef16335e-46cc-4caa-bed8-27f10e9cb46f,T20230110A001,0,0,1,12010003,2023-03-06 14:06:52.977,,DESKTOP-26RNAH5,00-15-17-D4-43-5F,10.129.96.56
840ddc45-dc99-4d8d-8452-23f87d197af9,T20230110A001,0,0,3,50010070,2023-03-06 14:06:53.268,850,DESKTOP-26RNAH5,00-15-17-D4-43-5F,10.129.96.56
5cbe964c-e807-40bc-9bac-f570c6193cf3,T20230110A001,0,0,1,12010004,2023-03-06 14:06:53.328,,DESKTOP-26RNAH5,00-15-17-D4-43-5F,10.129.96.56
002cc0da-52d1-4939-8c5e-de5d2241dbb9,T20230110A001,0,0,3,50010071,2023-03-06 14:06:53.620,850,DESKTOP-26RNAH5,00-15-17-D4-43-5F,10.129.96.56
cca0ca99-f18d-4d69-9865-c6b5d664f408,T20230110A001,0,0,1,12010005,2023-03-06 14:06:53.680,,DESKTOP-26RNAH5,00-15-17-D4-43-5F,10.129.96.56
2fce4b7b-f1c2-47d0-a3ba-8c068082486a,T20230110A001,0,0,3,50010072,2023-03-06 14:06:53.972,851,DESKTOP-26RNAH5,00-15-17-D4-43-5F,10.129.96.56
3ff90e82-b082-45bf-84c8-bc53e21a47d9,T20230110A001,0,0,1,30010004,2023-03-06 14:06:54.032,,DESKTOP-26RNAH5,00-15-17-D4-43-5F,10.129.96.56
bd932c86-4e77-481b-967b-1db94726ed68,T20230110A001,0,0,3,50010073,2023-03-06 14:06:54.324,851,DESKTOP-26RNAH5,00-15-17-D4-43-5F,10.129.96.56
249534b6-59d0-4dd3-be79-d61b3dae31b1,T20230110A001,0,0,1,12010007,2023-03-06 14:06:54.384,,DESKTOP-26RNAH5,00-15-17-D4-43-5F,10.129.96.56
efbe42e0-a7f6-4bc0-8f87-1df5a5b09536,T20230110A001,0,0,3,50010074,2023-03-06 14:06:54.676,851,DESKTOP-26RNAH5,00-15-17-D4-43-5F,10.129.96.56
ea14d43c-edbc-4e11-a377-219fdc449e88,T20230110A001,0,0,1,12010008,2023-03-06 14:06:54.736,,DESKTOP-26RNAH5,00-15-17-D4-43-5F,10.129.96.56
ee876ddd-2a6d-4f13-8c34-d294ab933d0e,T20230110A001,0,0,3,50010075,2023-03-06 14:06:55.028,851,DESKTOP-26RNAH5,00-15-17-D4-43-5F,10.129.96.56
6d39d4a8-7081-4799-a933-442577146df7,T20230110A001,0,0,9,20010001,2023-03-06 14:06:55.088,,DESKTOP-26RNAH5,00-15-17-D4-43-5F,10.129.96.56
faf07a7c-22db-4d02-b845-7764d51efc85,T20230110A001,0,0,3,50010076,2023-03-06 14:06:55.380,851,DESKTOP-26RNAH5,00-15-17-D4-43-5F,10.129.96.56
60b1ac79-017a-4117-95c6-24c4401e20f1,T20230110A001,0,0,3,50010077,2023-03-06 14:06:55.732,851,DESKTOP-26RNAH5,00-15-17-D4-43-5F,10.129.96.56
1c32ec64-6221-468e-8e58-cc6f2fc183f4,T20230110A001,0,0,3,50010078,2023-03-06 14:06:56.084,852,DESKTOP-26RNAH5,00-15-17-D4-43-5F,10.129.96.56
23addb5c-8b1e-4eb6-befd-d09c727cf847,T20230110A001,0,0,3,50010079,2023-03-06 14:06:56.436,852,DESKTOP-26RNAH5,00-15-17-D4-43-5F,10.129.96.56
8255ac8c-31cb-4d4d-8785-ce9f0657ec35,T20230110A001,0,0,3,50010080,2023-03-06 14:06:56.788,852,DESKTOP-26RNAH5,00-15-17-D4-43-5F,10.129.96.56
95fd9a91-4600-4f93-8801-d195402b7154,T20230110A001,0,0,3,50010081,2023-03-06 14:06:57.140,852,DESKTOP-26RNAH5,00-15-17-D4-43-5F,10.129.96.56
4fdc6032-69c2-425d-ba2c-b354a643aabf,T20230110A001,0,0,3,50010082,2023-03-06 14:06:57.492,851,DESKTOP-26RNAH5,00-15-17-D4-43-5F,10.129.96.56
7cce135d-d3c0-4771-9ed3-c835949a10aa,T20230110A001,0,0,3,50010083,2023-03-06 14:06:57.843,851,DESKTOP-26RNAH5,00-15-17-D4-43-5F,10.129.96.56
04be46b9-a597-4c49-8aa8-a6d25fbfb67f,T20230110A001,0,0,3,50010084,2023-03-06 14:06:58.195,852,DESKTOP-26RNAH5,00-15-17-D4-43-5F,10.129.96.56
64199d17-479b-4894-9c6a-23fc6cb93a5d,T20230110A001,0,0,3,50010085,2023-03-06 14:06:58.547,852,DESKTOP-26RNAH5,00-15-17-D4-43-5F,10.129.96.56
4925f647-77da-4d34-9020-1fc03c68ff01,T20230110A001,0,0,3,50010086,2023-03-06 14:06:58.899,852,DESKTOP-26RNAH5,00-15-17-D4-43-5F,10.129.96.56
435b5277-ded4-4277-8066-5b2b800d6830,T20230110A001,0,0,3,50010087,2023-03-06 14:06:59.251,852,DESKTOP-26RNAH5,00-15-17-D4-43-5F,10.129.96.56
7800f859-2f79-4990-afe4-8b3c1132896f,T20230110A001,0,0,3,50010088,2023-03-06 14:06:59.603,852,DESKTOP-26RNAH5,00-15-17-D4-43-5F,10.129.96.56
af8a9fce-e1bd-4f6a-96ca-aca7cbe3377e,T20230110A001,0,0,3,50010089,2023-03-06 14:06:59.955,852,DESKTOP-26RNAH5,00-15-17-D4-43-5F,10.129.96.56
6199d639-5c86-48ca-a8cf-c675f414747e,T20230110A001,0,0,3,50010090,2023-03-06 14:07:00.307,852,DESKTOP-26RNAH5,00-15-17-D4-43-5F,10.129.96.56
af91cf99-6e16-49bd-922a-bed1a008238c,T20230110A001,0,0,3,50010091,2023-03-06 14:07:00.659,852,DESKTOP-26RNAH5,00-15-17-D4-43-5F,10.129.96.56
1398b1fd-1d10-48a7-bfed-a4034434c673,T20230110A001,0,0,3,50010092,2023-03-06 14:07:01.011,851,DESKTOP-26RNAH5,00-15-17-D4-43-5F,10.129.96.56
b2263c9e-db40-4690-99c5-41072e69368c,T20230110A001,0,0,3,50010093,2023-03-06 14:07:01.363,851,DESKTOP-26RNAH5,00-15-17-D4-43-5F,10.129.96.56
94fa4850-87e8-4b2d-914d-9a6b7991050f,T20230110A001,0,0,3,50010094,2023-03-06 14:07:01.715,852,DESKTOP-26RNAH5,00-15-17-D4-43-5F,10.129.96.56
a9737b8e-32cd-43ca-82f7-95298bf541a9,T20230110A001,0,0,3,50010095,2023-03-06 14:07:02.067,852,DESKTOP-26RNAH5,00-15-17-D4-43-5F,10.129.96.56
55da60ad-8cfa-46fb-a94d-814ac69cd051,T20230110A001,0,0,3,60030001,2023-03-06 14:07:02.419,850,DESKTOP-26RNAH5,00-15-17-D4-43-5F,10.129.96.56
94132de2-9f13-411b-be40-5832fbdbd42c,T20230110A001,0,0,3,60030002,2023-03-06 14:07:02.771,850,DESKTOP-26RNAH5,00-15-17-D4-43-5F,10.129.96.56
0351fd2b-4b24-4aff-beb0-cb923cc15931,T20230110A001,0,0,3,60030003,2023-03-06 14:07:03.123,851,DESKTOP-26RNAH5,00-15-17-D4-43-5F,10.129.96.56
4a753381-f5ea-403c-94fd-1285a8c0491b,T20230110A001,0,0,3,60030004,2023-03-06 14:07:03.474,852,DESKTOP-26RNAH5,00-15-17-D4-43-5F,10.129.96.56
82147382-3ea2-4fc7-8d5b-dbc4e96366e2,T20230110A001,0,0,3,60030005,2023-03-06 14:07:03.977,852,DESKTOP-26RNAH5,00-15-17-D4-43-5F,10.129.96.56
f66f0120-371a-4d03-adf6-320fe482428f,T20230110A001,0,0,3,60030006,2023-03-06 14:07:04.329,852,DESKTOP-26RNAH5,00-15-17-D4-43-5F,10.129.96.56
a154172e-70bf-4307-b1ab-d0eade201005,T20230110A001,0,0,3,60030007,2023-03-06 14:07:04.831,852,DESKTOP-26RNAH5,00-15-17-D4-43-5F,10.129.96.56
6899e5a4-8e13-4744-af03-677aa1d9a8de,T20230110A001,0,0,3,60030008,2023-03-06 14:07:05.183,852,DESKTOP-26RNAH5,00-15-17-D4-43-5F,10.129.96.56
e3ba6c6d-30c3-4de3-8c2e-c3bf9b137ecb,T20230110A001,0,0,3,60030009,2023-03-06 14:07:05.535,852,DESKTOP-26RNAH5,00-15-17-D4-43-5F,10.129.96.56
4ca9b76f-64f1-4127-bc42-405e8251dca7,T20230110A001,0,0,3,60030010,2023-03-06 14:07:05.887,853,DESKTOP-26RNAH5,00-15-17-D4-43-5F,10.129.96.56
8dd580ab-0aaf-4466-a631-5e58e8893738,T20230110A001,0,0,3,60030011,2023-03-06 14:07:06.239,854,DESKTOP-26RNAH5,00-15-17-D4-43-5F,10.129.96.56
3adba44c-1e9e-49b4-a262-320e1c451af2,T20230110A001,0,0,3,60030012,2023-03-06 14:07:06.591,850,DESKTOP-26RNAH5,00-15-17-D4-43-5F,10.129.96.56
b209ebf7-d06b-4364-ab94-4f486b2788df,T20230110A001,0,0,3,60030013,2023-03-06 14:07:07.093,850,DESKTOP-26RNAH5,00-15-17-D4-43-5F,10.129.96.56
c0d91c06-1214-4274-9e94-c7417dfc9f84,T20230110A001,0,0,3,,2023-03-06 14:07:07.445,,DESKTOP-26RNAH5,00-15-17-D4-43-5F,10.129.96.56
6c1e0aa9-82ff-4c51-9f5c-ce0feee0e584,T20230110A001,0,0,3,60070002,2023-03-06 14:07:07.797,,DESKTOP-26RNAH5,00-15-17-D4-43-5F,10.129.96.56
f2bf9441-e067-47ab-b215-eb0099d23e5d,T20230110A001,0,0,3,60070003,2023-03-06 14:07:08.149,,DESKTOP-26RNAH5,00-15-17-D4-43-5F,10.129.96.56
1b384264-2a7e-4359-8883-656f9bb9caf6,T20230110A001,0,0,3,60070004,2023-03-06 14:07:08.501,,DESKTOP-26RNAH5,00-15-17-D4-43-5F,10.129.96.56
d8bdc3ba-c3b4-431c-aaf3-d8cb7945f3de,T20230110A001,0,0,3,60070005,2023-03-06 14:07:08.853,,DESKTOP-26RNAH5,00-15-17-D4-43-5F,10.129.96.56
ac8f9c14-6854-4c20-8da4-a3cfb8cab1ce,T20230110A001,0,0,3,60070006,2023-03-06 14:07:09.205,,DESKTOP-26RNAH5,00-15-17-D4-43-5F,10.129.96.56
96f644db-c792-4aa5-9643-f3e2f6ca2f56,T20230110A001,0,0,3,60070007,2023-03-06 14:07:09.557,,DESKTOP-26RNAH5,00-15-17-D4-43-5F,10.129.96.56
ef8d9a25-3bb4-4236-968e-83e36d170bac,T20230110A001,0,0,3,60070008,2023-03-06 14:07:09.909,,DESKTOP-26RNAH5,00-15-17-D4-43-5F,10.129.96.56
3ae7ac03-0651-435c-bb60-d1dc0e8915a0,T20230110A001,0,0,3,60080001,2023-03-06 14:07:10.411,,DESKTOP-26RNAH5,00-15-17-D4-43-5F,10.129.96.56
6e8e3c17-3e86-4672-8488-eada2366791f,T20230110A001,0,0,3,60080002,2023-03-06 14:07:10.763,,DESKTOP-26RNAH5,00-15-17-D4-43-5F,10.129.96.56
f53f2261-bebd-4e7e-b9aa-87b8e334046c,T20230110A001,0,0,3,60080003,2023-03-06 14:07:11.115,,DESKTOP-26RNAH5,00-15-17-D4-43-5F,10.129.96.56
55c14dea-53c7-4ec9-a93f-60e5416de5a4,T20230110A001,0,0,3,60080004,2023-03-06 14:07:11.467,,DESKTOP-26RNAH5,00-15-17-D4-43-5F,10.129.96.56
42626680-f97a-4082-bb11-7920a439bd45,T20230110A001,0,0,3,60080005,2023-03-06 14:07:11.819,,DESKTOP-26RNAH5,00-15-17-D4-43-5F,10.129.96.56
9922d80c-8522-4a38-8509-51bcdade0da0,T20230110A001,0,0,3,60080006,2023-03-06 14:07:12.171,,DESKTOP-26RNAH5,00-15-17-D4-43-5F,10.129.96.56
443698c9-fc83-4dc3-93b9-0f6618ef1577,T20230110A001,0,0,3,60080007,2023-03-06 14:07:12.523,,DESKTOP-26RNAH5,00-15-17-D4-43-5F,10.129.96.56
3f1eda69-e976-405e-9d34-8a08a19ae310,T20230110A001,0,0,3,60080008,2023-03-06 14:07:12.874,,DESKTOP-26RNAH5,00-15-17-D4-43-5F,10.129.96.56
bd4ffed4-8439-4be5-bea3-b2fe65b9bb16,T20230110A001,0,0,3,60080009,2023-03-06 14:07:13.226,,DESKTOP-26RNAH5,00-15-17-D4-43-5F,10.129.96.56
31df9241-bb4f-4a77-9feb-c4661e4a68e6,T20230110A001,0,0,3,60080010,2023-03-06 14:07:13.578,852,DESKTOP-26RNAH5,00-15-17-D4-43-5F,10.129.96.56
7eb185dc-e384-41f8-8db5-fd8daf085a60,T20230110A001,0,0,3,60080011,2023-03-06 14:07:14.081,852,DESKTOP-26RNAH5,00-15-17-D4-43-5F,10.129.96.56
41554953-550b-4a09-9da7-98f7a5a9e8a4,T20230110A001,0,0,3,60080012,2023-03-06 14:07:14.433,852,DESKTOP-26RNAH5,00-15-17-D4-43-5F,10.129.96.56
956a9063-5bc1-453f-95f7-327c30a3804b,T20230110A001,0,0,3,60080013,2023-03-06 14:07:14.785,852,DESKTOP-26RNAH5,00-15-17-D4-43-5F,10.129.96.56
92479631-4a77-43f9-9043-7e15538e2f31,T20230110A001,0,0,3,60080014,2023-03-06 14:07:15.136,853,DESKTOP-26RNAH5,00-15-17-D4-43-5F,10.129.96.56
f6a94521-2f20-43ef-9df1-e3a1df6aa8b0,T20230110A001,0,0,3,60080015,2023-03-06 14:07:15.488,853,DESKTOP-26RNAH5,00-15-17-D4-43-5F,10.129.96.56
42a863cb-d36d-48d9-a2b8-d8b499a85e94,T20230110A001,0,0,3,60080016,2023-03-06 14:07:15.840,853,DESKTOP-26RNAH5,00-15-17-D4-43-5F,10.129.96.56
cc395b86-534e-42bc-b8e7-64d80fdc7e3c,T20230110A001,0,0,3,60080017,2023-03-06 14:07:16.192,853,DESKTOP-26RNAH5,00-15-17-D4-43-5F,10.129.96.56
662760b2-f4f1-4fa3-a6b3-553469243fba,T20230110A001,0,0,3,60080018,2023-03-06 14:07:16.694,854,DESKTOP-26RNAH5,00-15-17-D4-43-5F,10.129.96.56
053b88db-611e-4f97-8e3a-fd58e0f5f76a,T20230110A001,0,0,3,60080019,2023-03-06 14:07:17.046,854,DESKTOP-26RNAH5,00-15-17-D4-43-5F,10.129.96.56
da7e984e-c259-4ab5-b94d-3b82743f571c,T20230110A001,0,0,3,60080020,2023-03-06 14:07:17.398,854,DESKTOP-26RNAH5,00-15-17-D4-43-5F,10.129.96.56
c5b2c7ee-8f3a-47e6-8ecb-47b6a7aad07d,T20230110A001,0,0,3,60080021,2023-03-06 14:07:17.750,854,DESKTOP-26RNAH5,00-15-17-D4-43-5F,10.129.96.56
4d33c029-a0f6-447a-96d8-cf19891801a6,T20230110A001,0,0,3,60080022,2023-03-06 14:07:18.103,,DESKTOP-26RNAH5,00-15-17-D4-43-5F,10.129.96.56
f5c9a105-2a4e-4558-a944-75f811fc7ae1,T20230110A001,0,0,3,60080023,2023-03-06 14:07:18.454,,DESKTOP-26RNAH5,00-15-17-D4-43-5F,10.129.96.56
24e38e22-93f1-4eb6-b809-50cdf1dfe208,T20230110A001,0,0,3,60080024,2023-03-06 14:07:18.806,,DESKTOP-26RNAH5,00-15-17-D4-43-5F,10.129.96.56
0b562367-82a2-4a65-a778-1e397191907b,T20230110A001,0,0,3,60080025,2023-03-06 14:07:19.158,,DESKTOP-26RNAH5,00-15-17-D4-43-5F,10.129.96.56
bb32c41f-4ade-44bc-bb8d-c45415984a7c,T20230110A001,0,0,3,60080026,2023-03-06 14:07:19.510,,DESKTOP-26RNAH5,00-15-17-D4-43-5F,10.129.96.56
c5a42aac-0ab2-4bd3-a0dc-3ac8a28360e5,T20230110A001,0,0,3,60080027,2023-03-06 14:07:19.862,853,DESKTOP-26RNAH5,00-15-17-D4-43-5F,10.129.96.56
225f4260-2988-47e5-a301-1f3fcc088c7f,T20230110A001,0,0,3,60080028,2023-03-06 14:07:20.214,854,DESKTOP-26RNAH5,00-15-17-D4-43-5F,10.129.96.56
91d8f98d-4500-4189-b0db-26894b525c31,T20230110A001,0,0,3,60080029,2023-03-06 14:07:20.566,852,DESKTOP-26RNAH5,00-15-17-D4-43-5F,10.129.96.56
820b1607-de53-4838-b2ed-41415a0d5e33,T20230110A001,0,0,3,60080030,2023-03-06 14:07:20.918,852,DESKTOP-26RNAH5,00-15-17-D4-43-5F,10.129.96.56
8a7e4fb2-d7a1-4f91-97b8-026880a806b2,T20230110A001,0,0,3,60080031,2023-03-06 14:07:21.420,852,DESKTOP-26RNAH5,00-15-17-D4-43-5F,10.129.96.56
99f9b58f-1392-4d01-a572-646888e78546,T20230110A001,0,0,3,60080032,2023-03-06 14:07:21.772,852,DESKTOP-26RNAH5,00-15-17-D4-43-5F,10.129.96.56
e5b636eb-9f68-4d10-a0c1-2010e6a1733d,T20230110A001,0,0,3,60080033,2023-03-06 14:07:22.124,852,DESKTOP-26RNAH5,00-15-17-D4-43-5F,10.129.96.56
46c30c83-40bc-4356-8299-dd888042cd9c,T20230110A001,0,0,3,60080034,2023-03-06 14:07:22.626,,DESKTOP-26RNAH5,00-15-17-D4-43-5F,10.129.96.56
74cf8984-a69b-45fc-b757-aecb63006a3f,T20230110A001,0,0,3,60080035,2023-03-06 14:07:22.978,,DESKTOP-26RNAH5,00-15-17-D4-43-5F,10.129.96.56
b95bc69f-2bba-4992-b4d0-3925d7facaf4,T20230110A001,0,0,3,60080036,2023-03-06 14:07:23.330,,DESKTOP-26RNAH5,00-15-17-D4-43-5F,10.129.96.56
4eaf6ea7-3a41-47eb-8ce0-59c119562410,T20230110A001,0,0,3,60080037,2023-03-06 14:07:23.682,853,DESKTOP-26RNAH5,00-15-17-D4-43-5F,10.129.96.56
89718dcb-8422-4296-a058-42c1cc1efa2e,T20230110A001,0,0,3,60080038,2023-03-06 14:07:24.034,854,DESKTOP-26RNAH5,00-15-17-D4-43-5F,10.129.96.56
5893cb54-0e77-4207-a3b3-7e8719391267,T20230110A001,0,0,3,60080043,2023-03-06 14:07:24.386,,DESKTOP-26RNAH5,00-15-17-D4-43-5F,10.129.96.56
1104f136-704c-44bd-bc8b-915288023484,T20230110A001,0,0,3,60120001,2023-03-06 14:07:24.738,850,DESKTOP-26RNAH5,00-15-17-D4-43-5F,10.129.96.56
32c61499-7e04-436b-87e3-37a0b6d1985b,T20230110A001,0,0,3,60120002,2023-03-06 14:07:25.090,850,DESKTOP-26RNAH5,00-15-17-D4-43-5F,10.129.96.56
d65d795f-3709-4812-8cd2-c0322d2e29d3,T20230110A001,0,0,3,60120003,2023-03-06 14:07:25.443,850,DESKTOP-26RNAH5,00-15-17-D4-43-5F,10.129.96.56
87e6778c-e243-40c8-8130-89e70060b365,T20230110A001,0,0,3,60120004,2023-03-06 14:07:25.795,850,DESKTOP-26RNAH5,00-15-17-D4-43-5F,10.129.96.56
a0f5856d-baa9-45a9-962e-95a62c3d2c16,T20230110A001,0,0,3,60120005,2023-03-06 14:07:26.147,850,DESKTOP-26RNAH5,00-15-17-D4-43-5F,10.129.96.56
aa4361a6-af97-4c41-ac3c-3320f3a3a943,T20230110A001,0,0,3,60120006,2023-03-06 14:07:26.498,850,DESKTOP-26RNAH5,00-15-17-D4-43-5F,10.129.96.56
b4148064-61d2-4fc3-aff4-a9009d1d522a,T20230110A001,0,0,3,60120007,2023-03-06 14:07:26.850,850,DESKTOP-26RNAH5,00-15-17-D4-43-5F,10.129.96.56
84dc52eb-ffa4-4f5d-b2aa-f84c873e2b26,T20230110A001,0,0,3,60120008,2023-03-06 14:07:27.202,850,DESKTOP-26RNAH5,00-15-17-D4-43-5F,10.129.96.56
e31fcb65-bd1f-4539-9c0f-0c0f1b3e5962,T20230110A001,0,0,3,60120009,2023-03-06 14:07:27.554,850,DESKTOP-26RNAH5,00-15-17-D4-43-5F,10.129.96.56
632c9bd6-041f-4b6a-8e1a-25846c16a367,T20230110A001,0,0,3,60120010,2023-03-06 14:07:27.906,850,DESKTOP-26RNAH5,00-15-17-D4-43-5F,10.129.96.56
dc339219-9635-4eb4-8778-cfb3300b58c1,T20230110A001,0,0,3,60120011,2023-03-06 14:07:28.258,850,DESKTOP-26RNAH5,00-15-17-D4-43-5F,10.129.96.56
db4cd160-ab4a-4962-9ac4-2a6dc0cbd2e1,T20230110A001,0,0,3,60120012,2023-03-06 14:07:28.610,850,DESKTOP-26RNAH5,00-15-17-D4-43-5F,10.129.96.56
5531bb8a-f8ae-4c91-9313-87ecd62088cf,T20230110A001,0,0,3,60120013,2023-03-06 14:07:28.962,850,DESKTOP-26RNAH5,00-15-17-D4-43-5F,10.129.96.56
e8106030-97f1-4e9c-a3fd-f886eb41574c,T20230110A001,0,0,3,60120014,2023-03-06 14:07:29.314,850,DESKTOP-26RNAH5,00-15-17-D4-43-5F,10.129.96.56
9d1ffe6a-8491-49c1-bde3-a994ac6bb7b5,T20230110A001,0,0,3,60120015,2023-03-06 14:07:29.666,850,DESKTOP-26RNAH5,00-15-17-D4-43-5F,10.129.96.56
1fec8cd4-4338-4d73-a21a-07f432e416d2,T20230110A001,0,0,3,60120016,2023-03-06 14:07:30.018,850,DESKTOP-26RNAH5,00-15-17-D4-43-5F,10.129.96.56
f10a9291-60ae-4b67-89ad-b61333ec6c2c,T20230110A001,0,0,3,60120017,2023-03-06 14:07:30.370,850,DESKTOP-26RNAH5,00-15-17-D4-43-5F,10.129.96.56
9022fb64-0c6a-401d-80fb-8e42271cc26b,T20230110A001,0,0,3,60120018,2023-03-06 14:07:30.722,850,DESKTOP-26RNAH5,00-15-17-D4-43-5F,10.129.96.56
c72cb685-c59a-44ae-9bcb-bf17d59c87fc,T20230110A001,0,0,3,60120019,2023-03-06 14:07:31.074,850,DESKTOP-26RNAH5,00-15-17-D4-43-5F,10.129.96.56
f30d4f4f-7971-4598-8a24-f36325f01b69,T20230110A001,0,0,3,60120020,2023-03-06 14:07:31.426,850,DESKTOP-26RNAH5,00-15-17-D4-43-5F,10.129.96.56
bdfdb8e1-a42d-4aa2-a21e-62778a73ec5e,T20230110A001,0,0,3,60120021,2023-03-06 14:07:31.778,850,DESKTOP-26RNAH5,00-15-17-D4-43-5F,10.129.96.56
70620395-5a29-4003-895d-d543b46bc80f,T20230110A001,0,0,3,60120022,2023-03-06 14:07:32.129,850,DESKTOP-26RNAH5,00-15-17-D4-43-5F,10.129.96.56
cc1e4a64-b351-478b-ace1-4dbaa9d26e58,T20230110A001,0,0,3,60120023,2023-03-06 14:07:32.481,850,DESKTOP-26RNAH5,00-15-17-D4-43-5F,10.129.96.56
b32a63c2-74b2-47e7-ade9-aa0a5ab84d30,T20230110A001,0,0,3,60120024,2023-03-06 14:07:32.833,851,DESKTOP-26RNAH5,00-15-17-D4-43-5F,10.129.96.56
bc300d84-e512-4b46-a54a-1ae508941a5f,T20230110A001,0,0,3,60120025,2023-03-06 14:07:33.185,851,DESKTOP-26RNAH5,00-15-17-D4-43-5F,10.129.96.56
0649789e-b60e-42d0-a946-608e33f6fc55,T20230110A001,0,0,3,60120026,2023-03-06 14:07:33.537,851,DESKTOP-26RNAH5,00-15-17-D4-43-5F,10.129.96.56
0ad49a1d-8e47-498e-b5d6-d3e94c8ea4d0,T20230110A001,0,0,3,60120027,2023-03-06 14:07:33.889,851,DESKTOP-26RNAH5,00-15-17-D4-43-5F,10.129.96.56
13823a31-45c0-4a16-b4ae-efc8d9f62a8a,T20230110A001,0,0,3,60120028,2023-03-06 14:07:34.241,851,DESKTOP-26RNAH5,00-15-17-D4-43-5F,10.129.96.56
60ea55fd-c534-4c3b-99d1-7d7beaee5362,T20230110A001,0,0,3,60120029,2023-03-06 14:07:34.593,851,DESKTOP-26RNAH5,00-15-17-D4-43-5F,10.129.96.56
ccead04d-6b2e-4af8-a025-b14f277a6ed9,T20230110A001,0,0,3,60120030,2023-03-06 14:07:34.945,851,DESKTOP-26RNAH5,00-15-17-D4-43-5F,10.129.96.56
5948a68b-7e5e-4f98-a099-9e8044f79f81,T20230110A001,0,0,3,60120031,2023-03-06 14:07:35.297,851,DESKTOP-26RNAH5,00-15-17-D4-43-5F,10.129.96.56
49c5002d-0f64-4993-934f-936f38ff839c,T20230110A001,0,0,3,60120032,2023-03-06 14:07:35.649,852,DESKTOP-26RNAH5,00-15-17-D4-43-5F,10.129.96.56
7e53b94c-c564-41d9-ab3e-f51d3d6ad1da,T20230110A001,0,0,3,60120033,2023-03-06 14:07:36.001,852,DESKTOP-26RNAH5,00-15-17-D4-43-5F,10.129.96.56
cd83b589-37cb-47be-b4f3-e5aa1738cb4f,T20230110A001,0,0,3,60120034,2023-03-06 14:07:36.353,852,DESKTOP-26RNAH5,00-15-17-D4-43-5F,10.129.96.56
bb0ab259-5c3c-4253-b6b5-d7dd16eb6271,T20230110A001,0,0,3,60120035,2023-03-06 14:07:36.705,852,DESKTOP-26RNAH5,00-15-17-D4-43-5F,10.129.96.56
9aa705aa-ee7b-416a-97ef-a6777ed67633,T20230110A001,0,0,3,60120036,2023-03-06 14:07:37.057,852,DESKTOP-26RNAH5,00-15-17-D4-43-5F,10.129.96.56
8035003f-4dec-4254-83d5-a58b63ef5f82,T20230110A001,0,0,3,60120037,2023-03-06 14:07:37.409,852,DESKTOP-26RNAH5,00-15-17-D4-43-5F,10.129.96.56
46b98c65-4e52-4be6-91e9-7dfb556c6687,T20230110A001,0,0,3,60120038,2023-03-06 14:07:37.760,852,DESKTOP-26RNAH5,00-15-17-D4-43-5F,10.129.96.56
dd96a71b-faaf-41a4-86a0-81e64186b34c,T20230110A001,0,0,3,60120039,2023-03-06 14:07:38.112,852,DESKTOP-26RNAH5,00-15-17-D4-43-5F,10.129.96.56
b41448a2-1534-4c0b-8153-bb59f13a48e8,T20230110A001,0,0,3,60120040,2023-03-06 14:07:38.464,852,DESKTOP-26RNAH5,00-15-17-D4-43-5F,10.129.96.56
dfd10f07-394e-4318-bce8-686d35a2aaaf,T20230110A001,0,0,3,60120041,2023-03-06 14:07:38.817,852,DESKTOP-26RNAH5,00-15-17-D4-43-5F,10.129.96.56
20187dfa-afe0-4489-ab42-73057bd2137d,T20230110A001,0,0,3,60120042,2023-03-06 14:07:39.169,852,DESKTOP-26RNAH5,00-15-17-D4-43-5F,10.129.96.56
b7aa188d-275d-4b66-b3fb-6dbf804781b7,T20230110A001,0,0,3,60120043,2023-03-06 14:07:39.521,852,DESKTOP-26RNAH5,00-15-17-D4-43-5F,10.129.96.56
4f5f7628-f2f8-4688-998a-c6f55bc34bd7,T20230110A001,0,0,3,60120044,2023-03-06 14:07:39.873,851,DESKTOP-26RNAH5,00-15-17-D4-43-5F,10.129.96.56
f6a812f9-82e7-49af-9c01-f5540028d534,T20230110A001,0,0,3,60120045,2023-03-06 14:07:40.225,851,DESKTOP-26RNAH5,00-15-17-D4-43-5F,10.129.96.56
27b2836d-6b21-4635-a9cf-5210e060bbb6,T20230110A001,0,0,3,60120046,2023-03-06 14:07:40.577,851,DESKTOP-26RNAH5,00-15-17-D4-43-5F,10.129.96.56
70c99b00-4fc2-4d86-85b4-1d9dfaadf505,T20230110A001,0,0,3,60120047,2023-03-06 14:07:40.929,853,DESKTOP-26RNAH5,00-15-17-D4-43-5F,10.129.96.56
d16c2862-5ddc-4ccb-8960-ec3cfe919536,T20230110A001,0,0,3,60120048,2023-03-06 14:07:41.281,853,DESKTOP-26RNAH5,00-15-17-D4-43-5F,10.129.96.56
0ccf311e-4098-4bd4-81d5-bddfebe99c0f,T20230110A001,0,0,3,60120049,2023-03-06 14:07:41.633,853,DESKTOP-26RNAH5,00-15-17-D4-43-5F,10.129.96.56
a032a573-3ca7-4ddc-9ee5-4eb2246b200a,T20230110A001,0,0,3,60120050,2023-03-06 14:07:41.985,853,DESKTOP-26RNAH5,00-15-17-D4-43-5F,10.129.96.56
0f18cf1e-7f46-49de-985c-b884a68ae589,T20230110A001,0,0,3,60120051,2023-03-06 14:07:42.337,853,DESKTOP-26RNAH5,00-15-17-D4-43-5F,10.129.96.56
952324c0-aeb8-4fcb-a452-547692b37a27,T20230110A001,0,0,3,60120052,2023-03-06 14:07:42.689,853,DESKTOP-26RNAH5,00-15-17-D4-43-5F,10.129.96.56
8ebb200d-6594-4e80-a754-e71864cb1424,T20230110A001,0,0,3,60120053,2023-03-06 14:07:43.040,853,DESKTOP-26RNAH5,00-15-17-D4-43-5F,10.129.96.56
0ddd1762-0971-41f0-9c0f-ab4740f4a071,T20230110A001,0,0,3,60120054,2023-03-06 14:07:43.392,853,DESKTOP-26RNAH5,00-15-17-D4-43-5F,10.129.96.56
d01edb15-5a1e-4425-a115-223126d3d5f2,T20230110A001,0,0,3,60120055,2023-03-06 14:07:43.744,853,DESKTOP-26RNAH5,00-15-17-D4-43-5F,10.129.96.56
55383fdb-d109-471a-a594-c098d621d110,T20230110A001,0,0,3,60120056,2023-03-06 14:07:44.096,853,DESKTOP-26RNAH5,00-15-17-D4-43-5F,10.129.96.56
3f1eae6c-63c5-44e9-ae70-fa2cb6149ffb,T20230110A001,0,0,3,60120057,2023-03-06 14:07:44.448,853,DESKTOP-26RNAH5,00-15-17-D4-43-5F,10.129.96.56
528fc2ed-2800-4c1a-ab83-3353649db2ad,T20230110A001,0,0,3,60120058,2023-03-06 14:07:44.801,853,DESKTOP-26RNAH5,00-15-17-D4-43-5F,10.129.96.56
132ee4b7-178a-46c5-a0cf-140e33eb4134,T20230110A001,0,0,3,60120059,2023-03-06 14:07:45.153,854,DESKTOP-26RNAH5,00-15-17-D4-43-5F,10.129.96.56
6363cdb9-e286-4fd8-a6ba-53edceabdc3a,T20230110A001,0,0,3,60120060,2023-03-06 14:07:45.505,854,DESKTOP-26RNAH5,00-15-17-D4-43-5F,10.129.96.56
741f6141-1868-49ba-ad0e-d3aa74636b24,T20230110A001,0,0,3,60120061,2023-03-06 14:07:45.857,854,DESKTOP-26RNAH5,00-15-17-D4-43-5F,10.129.96.56
18bb4e23-436c-48b2-9e55-cf55fcb375a5,T20230110A001,0,0,3,60120062,2023-03-06 14:07:46.209,854,DESKTOP-26RNAH5,00-15-17-D4-43-5F,10.129.96.56
26bd754a-718b-4305-8e33-eaa611632194,T20230110A001,0,0,3,60120063,2023-03-06 14:07:46.561,854,DESKTOP-26RNAH5,00-15-17-D4-43-5F,10.129.96.56
9ff45c59-e5a2-4e32-949b-05f1e082448e,T20230110A001,0,0,3,60120064,2023-03-06 14:07:46.913,854,DESKTOP-26RNAH5,00-15-17-D4-43-5F,10.129.96.56
9f772c88-161a-4be4-92de-d7483708ae19,T20230110A001,0,0,3,60120065,2023-03-06 14:07:47.265,854,DESKTOP-26RNAH5,00-15-17-D4-43-5F,10.129.96.56
51b77ec9-5b9d-464b-97ed-ba13770daa64,T20230110A001,0,0,3,60120066,2023-03-06 14:07:47.617,854,DESKTOP-26RNAH5,00-15-17-D4-43-5F,10.129.96.56
4a76ce3d-01fd-482e-a227-0bf10bede04a,T20230110A001,0,0,3,60120067,2023-03-06 14:07:47.969,854,DESKTOP-26RNAH5,00-15-17-D4-43-5F,10.129.96.56
b9194163-da0c-43ca-8837-9cfb5225ccb2,T20230110A001,0,0,3,60120068,2023-03-06 14:07:48.321,854,DESKTOP-26RNAH5,00-15-17-D4-43-5F,10.129.96.56
5b77be44-85a8-4dab-bd37-583d6bef64e1,T20230110A001,0,0,3,60120069,2023-03-06 14:07:48.673,854,DESKTOP-26RNAH5,00-15-17-D4-43-5F,10.129.96.56
659d29bc-e1e7-400c-8502-f4bb435e42e9,T20230110A001,0,0,3,60120070,2023-03-06 14:07:49.024,854,DESKTOP-26RNAH5,00-15-17-D4-43-5F,10.129.96.56
9096c2fa-736e-4f96-ac5c-d11b50d23d58,T20230110A001,0,0,3,60120071,2023-03-06 14:07:49.376,851,DESKTOP-26RNAH5,00-15-17-D4-43-5F,10.129.96.56
d6414337-2c63-4259-b3db-5493427ecf0e,T20230110A001,0,0,3,60120072,2023-03-06 14:07:49.728,851,DESKTOP-26RNAH5,00-15-17-D4-43-5F,10.129.96.56
512bed93-4f04-4278-bc52-db4de3979761,T20230110A001,0,0,3,60120073,2023-03-06 14:07:50.080,851,DESKTOP-26RNAH5,00-15-17-D4-43-5F,10.129.96.56
c8685fe2-b51c-43ce-a7af-a828530fc4eb,T20230110A001,0,0,3,60120074,2023-03-06 14:07:50.432,851,DESKTOP-26RNAH5,00-15-17-D4-43-5F,10.129.96.56
c6e6340a-b0d3-4c1f-9181-41924543a2cd,T20230110A001,0,0,3,60120075,2023-03-06 14:07:50.784,851,DESKTOP-26RNAH5,00-15-17-D4-43-5F,10.129.96.56
d961964b-096b-41c0-a7ea-9f66fb413dab,T20230110A001,0,0,3,60120076,2023-03-06 14:07:51.136,851,DESKTOP-26RNAH5,00-15-17-D4-43-5F,10.129.96.56
83336e8a-661f-49e2-a190-fad0e26639ef,T20230110A001,0,0,3,60120077,2023-03-06 14:07:51.488,851,DESKTOP-26RNAH5,00-15-17-D4-43-5F,10.129.96.56
ec6fb76b-4b17-4d0b-92fc-640252035702,T20230110A001,0,0,3,60120078,2023-03-06 14:07:51.840,851,DESKTOP-26RNAH5,00-15-17-D4-43-5F,10.129.96.56
ea6b29ee-ff33-4570-8df3-e8d1b05ccdfa,T20230110A001,0,0,3,60120079,2023-03-06 14:07:52.192,851,DESKTOP-26RNAH5,00-15-17-D4-43-5F,10.129.96.56
c0f0c554-453f-4447-944d-49fb88a8bdd6,T20230110A001,0,0,3,60120080,2023-03-06 14:07:52.544,851,DESKTOP-26RNAH5,00-15-17-D4-43-5F,10.129.96.56
b6409c59-ad1b-44e2-9a1b-47e496d086bf,T20230110A001,0,0,3,60120081,2023-03-06 14:07:52.896,851,DESKTOP-26RNAH5,00-15-17-D4-43-5F,10.129.96.56
4abfeabb-8746-4057-8c1b-680a2d70ce87,T20230110A001,0,0,3,60120082,2023-03-06 14:07:53.248,851,DESKTOP-26RNAH5,00-15-17-D4-43-5F,10.129.96.56
c75c05b3-c19d-4d29-a247-20a882cd0ed4,T20230110A001,0,0,3,60120083,2023-03-06 14:07:53.601,851,DESKTOP-26RNAH5,00-15-17-D4-43-5F,10.129.96.56
3381bc87-8415-4125-9c55-8ec84e4eed57,T20230110A001,0,0,3,60120084,2023-03-06 14:07:53.953,851,DESKTOP-26RNAH5,00-15-17-D4-43-5F,10.129.96.56
550d6c72-9433-4592-8d68-7e770f74804f,T20230110A001,0,0,3,60120085,2023-03-06 14:07:54.305,851,DESKTOP-26RNAH5,00-15-17-D4-43-5F,10.129.96.56
cffd40f9-c96d-4522-86dd-baac85fb8a39,T20230110A001,0,0,3,60120086,2023-03-06 14:07:54.657,851,DESKTOP-26RNAH5,00-15-17-D4-43-5F,10.129.96.56
f89466df-3543-4f72-87f5-1f6100ae83d5,T20230110A001,0,0,3,60120087,2023-03-06 14:07:55.009,852,DESKTOP-26RNAH5,00-15-17-D4-43-5F,10.129.96.56
77457221-52a0-40ec-9e8b-e0e9876b0478,T20230110A001,0,0,3,60120088,2023-03-06 14:07:55.361,852,DESKTOP-26RNAH5,00-15-17-D4-43-5F,10.129.96.56
11ed390f-4026-47a8-8fc2-6f5d389c1598,T20230110A001,0,0,3,60120089,2023-03-06 14:07:55.712,852,DESKTOP-26RNAH5,00-15-17-D4-43-5F,10.129.96.56
6182ed1b-de63-451b-9b35-60d1b898c0b7,T20230110A001,0,0,3,60120090,2023-03-06 14:07:56.064,852,DESKTOP-26RNAH5,00-15-17-D4-43-5F,10.129.96.56
a322a2f4-6b3c-4a39-89e6-1472e0e719dc,T20230110A001,0,0,3,60120091,2023-03-06 14:07:56.416,852,DESKTOP-26RNAH5,00-15-17-D4-43-5F,10.129.96.56
424cd878-7f5a-4253-8a55-1dd232185175,T20230110A001,0,0,3,60120092,2023-03-06 14:07:56.768,852,DESKTOP-26RNAH5,00-15-17-D4-43-5F,10.129.96.56
91779673-75b5-433a-9f55-0ce5e7a691d9,T20230110A001,0,0,3,60120093,2023-03-06 14:07:57.120,852,DESKTOP-26RNAH5,00-15-17-D4-43-5F,10.129.96.56
d26538d2-936d-4cec-9a73-f5977e1c4147,T20230110A001,0,0,3,60120094,2023-03-06 14:07:57.472,852,DESKTOP-26RNAH5,00-15-17-D4-43-5F,10.129.96.56
24585419-36cb-44e9-9394-0d89af7122b2,T20230110A001,0,0,3,60120095,2023-03-06 14:07:57.824,852,DESKTOP-26RNAH5,00-15-17-D4-43-5F,10.129.96.56
b843dbc3-702e-4df7-9e70-5860425410f3,T20230110A001,0,0,3,60120096,2023-03-06 14:07:58.326,852,DESKTOP-26RNAH5,00-15-17-D4-43-5F,10.129.96.56
cf82c5a0-792a-441e-87f0-d01c55ec7e32,T20230110A001,0,0,3,60120097,2023-03-06 14:07:58.678,852,DESKTOP-26RNAH5,00-15-17-D4-43-5F,10.129.96.56
88eb65fd-99f9-42fe-9391-69ed769836ae,T20230110A001,0,0,3,60120098,2023-03-06 14:07:59.030,852,DESKTOP-26RNAH5,00-15-17-D4-43-5F,10.129.96.56
9a272406-9435-4d56-a168-2a5d5754782f,T20230110A001,0,0,3,60120099,2023-03-06 14:07:59.382,852,DESKTOP-26RNAH5,00-15-17-D4-43-5F,10.129.96.56
eb62171c-77d5-47ef-9ce2-64be28caa54b,T20230110A001,0,0,3,60120100,2023-03-06 14:07:59.734,852,DESKTOP-26RNAH5,00-15-17-D4-43-5F,10.129.96.56
ead00f77-756b-4535-ac46-d80afebca9a0,T20230110A001,0,0,3,60120101,2023-03-06 14:08:00.086,852,DESKTOP-26RNAH5,00-15-17-D4-43-5F,10.129.96.56
720d824f-8a00-4c18-a12b-6538f43a8291,T20230110A001,0,0,3,60120102,2023-03-06 14:08:00.438,852,DESKTOP-26RNAH5,00-15-17-D4-43-5F,10.129.96.56
5f6a750b-6b92-49a3-a02e-da0d7628f2e2,T20230110A001,0,0,5,70020001,2023-03-06 14:08:00.790,,DESKTOP-26RNAH5,00-15-17-D4-43-5F,10.129.96.56
07ca64d2-0520-4b96-b45d-72fb05bb2dcd,T20230110A001,0,0,5,70020002,2023-03-06 14:08:01.142,,DESKTOP-26RNAH5,00-15-17-D4-43-5F,10.129.96.56
6a4a8fd7-79fa-4fdd-91dc-b1d7584b66cd,T20230110A001,0,0,1,,2023-03-06 14:08:01.494,,DESKTOP-26RNAH5,00-15-17-D4-43-5F,10.129.96.56
7f16a8de-bc4d-4b10-ba5c-b2e40dfe9b3f,T20230110A001,0,0,1,12010003,2023-03-06 14:08:01.846,,DESKTOP-26RNAH5,00-15-17-D4-43-5F,10.129.96.56
50ad922d-48ae-48f0-bf90-8b41dfbcf057,T20230110A001,0,0,1,12010004,2023-03-06 14:08:02.198,,DESKTOP-26RNAH5,00-15-17-D4-43-5F,10.129.96.56
3d4f17b4-8158-4fcb-b80b-da2c1ad22077,T20230110A001,0,0,1,12010005,2023-03-06 14:08:02.550,,DESKTOP-26RNAH5,00-15-17-D4-43-5F,10.129.96.56
99210345-d375-40be-a824-575c168a266c,T20230110A001,0,0,1,30010004,2023-03-06 14:08:02.902,,DESKTOP-26RNAH5,00-15-17-D4-43-5F,10.129.96.56
1e99adb4-4fc2-4f3d-a50b-e657b56631af,T20230110A001,0,0,1,12010007,2023-03-06 14:08:03.254,,DESKTOP-26RNAH5,00-15-17-D4-43-5F,10.129.96.56
b0e61f4b-2627-4952-8be9-4cff75ce1f8e,T20230110A001,0,0,1,12010008,2023-03-06 14:08:03.606,,DESKTOP-26RNAH5,00-15-17-D4-43-5F,10.129.96.56
d0681875-4f2a-4d88-891e-b09df97669aa,T20230110A001,0,0,9,20010001,2023-03-06 14:08:03.958,,DESKTOP-26RNAH5,00-15-17-D4-43-5F,10.129.96.56
